To honour the JVM settings for this build a single-use Daemon process will be forked. For more on this, please refer to https://docs.gradle.org/9.3.1/userguide/gradle_daemon.html#sec:disabling_the_daemon in the Gradle documentation.
Daemon will be stopped at the end of the build 
> Task :expo-gradle-plugin:expo-autolinking-settings-plugin:checkKotlinGradlePluginConfigurationErrors SKIPPED
> Task :expo-gradle-plugin:expo-autolinking-plugin-shared:checkKotlinGradlePluginConfigurationErrors SKIPPED
> Task :gradle-plugin:shared:checkKotlinGradlePluginConfigurationErrors SKIPPED
> Task :gradle-plugin:settings-plugin:checkKotlinGradlePluginConfigurationErrors SKIPPED
> Task :expo-gradle-plugin:expo-autolinking-settings-plugin:pluginDescriptors
> Task :gradle-plugin:settings-plugin:pluginDescriptors
> Task :expo-gradle-plugin:expo-autolinking-settings-plugin:processResources
> Task :gradle-plugin:settings-plugin:processResources
> Task :gradle-plugin:shared:processResources NO-SOURCE
> Task :expo-gradle-plugin:expo-autolinking-plugin-shared:processResources NO-SOURCE
> Task :gradle-plugin:shared:compileKotlin
> Task :gradle-plugin:shared:compileJava NO-SOURCE
> Task :gradle-plugin:shared:classes UP-TO-DATE
> Task :gradle-plugin:shared:jar
> Task :expo-gradle-plugin:expo-autolinking-plugin-shared:compileKotlin
> Task :expo-gradle-plugin:expo-autolinking-plugin-shared:compileJava NO-SOURCE
> Task :expo-gradle-plugin:expo-autolinking-plugin-shared:classes UP-TO-DATE
> Task :expo-gradle-plugin:expo-autolinking-plugin-shared:jar
> Task :gradle-plugin:settings-plugin:compileKotlin
> Task :gradle-plugin:settings-plugin:compileJava NO-SOURCE
> Task :gradle-plugin:settings-plugin:classes
> Task :gradle-plugin:settings-plugin:jar
> Task :expo-gradle-plugin:expo-autolinking-settings-plugin:compileKotlin
> Task :expo-gradle-plugin:expo-autolinking-settings-plugin:compileJava NO-SOURCE
> Task :expo-gradle-plugin:expo-autolinking-settings-plugin:classes
> Task :expo-gradle-plugin:expo-autolinking-settings-plugin:jar
> Task :expo-gradle-plugin:expo-max-sdk-override-plugin:checkKotlinGradlePluginConfigurationErrors SKIPPED
> Task :expo-gradle-plugin:expo-autolinking-plugin:checkKotlinGradlePluginConfigurationErrors SKIPPED
> Task :gradle-plugin:react-native-gradle-plugin:checkKotlinGradlePluginConfigurationErrors SKIPPED
> Task :expo-module-gradle-plugin:checkKotlinGradlePluginConfigurationErrors SKIPPED
> Task :expo-module-gradle-plugin:pluginDescriptors
> Task :expo-module-gradle-plugin:processResources
> Task :expo-gradle-plugin:expo-max-sdk-override-plugin:pluginDescriptors
> Task :expo-gradle-plugin:expo-autolinking-plugin:pluginDescriptors
> Task :expo-gradle-plugin:expo-max-sdk-override-plugin:processResources
> Task :expo-gradle-plugin:expo-autolinking-plugin:processResources
> Task :gradle-plugin:react-native-gradle-plugin:pluginDescriptors
> Task :gradle-plugin:react-native-gradle-plugin:processResources
> Task :expo-gradle-plugin:expo-max-sdk-override-plugin:compileKotlin
> Task :expo-gradle-plugin:expo-max-sdk-override-plugin:compileJava NO-SOURCE
> Task :expo-gradle-plugin:expo-max-sdk-override-plugin:classes
> Task :expo-gradle-plugin:expo-max-sdk-override-plugin:jar
> Task :expo-gradle-plugin:expo-autolinking-plugin:compileKotlin
> Task :expo-gradle-plugin:expo-autolinking-plugin:compileJava NO-SOURCE
> Task :expo-gradle-plugin:expo-autolinking-plugin:classes
> Task :expo-gradle-plugin:expo-autolinking-plugin:jar
> Task :gradle-plugin:react-native-gradle-plugin:compileKotlin
> Task :gradle-plugin:react-native-gradle-plugin:compileJava NO-SOURCE
> Task :gradle-plugin:react-native-gradle-plugin:classes
> Task :gradle-plugin:react-native-gradle-plugin:jar

> Task :expo-module-gradle-plugin:compileKotlin
w: file:///C:/Users/272249/AppData/Local/Temp/r91fresh/frontend/node_modules/expo-modules-core/expo-module-gradle-plugin/src/main/kotlin/expo/modules/plugin/android/AndroidLibraryExtension.kt:9:24 'var targetSdk: Int?' is deprecated. Will be removed from library DSL in v9.0. Use testOptions.targetSdk or/and lint.targetSdk instead.

> Task :expo-module-gradle-plugin:compileJava NO-SOURCE
> Task :expo-module-gradle-plugin:classes
> Task :expo-module-gradle-plugin:jar

> Configure project :
[32m[ExpoRootProject][0m Using the following versions:
  - buildTools:  [32m36.0.0[0m
  - minSdk:      [32m24[0m
  - compileSdk:  [32m36[0m
  - targetSdk:   [32m36[0m
  - ndk:         [32m27.1.12297006[0m
  - kotlin:      [32m2.1.20[0m
  - ksp:         [32m2.1.20-2.0.1[0m

> Configure project :app
 ℹ️  [33mApplying gradle plugin[0m '[32mexpo-max-sdk-override-plugin[0m'
  [expo-max-sdk-override-plugin] This plugin will find all permissions declared with `android:maxSdkVersion`. If there exists a declaration with the `android:maxSdkVersion` annotation and another one without, the plugin will remove the annotation from the final merged manifest. In order to see a log with the changes run a clean build of the app.

> Configure project :expo

Using expo modules
  - [32mexpo-log-box[0m (57.0.4)
  - [32mexpo-constants[0m (57.0.19)

> Configure project :expo-modules-core
Linking react-native-worklets native libs into expo-modules-core build tasks
task ':react-native-worklets:mergeDebugNativeLibs'
task ':react-native-worklets:mergeReleaseNativeLibs'

> Configure project :expo
  - [32mexpo-modules-core[0m (57.0.18)
  - [33m[📦][0m [32mexpo-dom-webview[0m (57.0.1)
  - [33m[📦][0m [32mexpo-ui[0m (57.0.19)
  - [33m[📦][0m [32mexpo-asset[0m (57.0.18)
  - [33m[📦][0m [32mexpo-blur[0m (57.0.3)
  - [33m[📦][0m [32mexpo-camera[0m (57.0.5)
  - [33m[📦][0m [32mexpo-crypto[0m (57.0.3)
  - [33m[📦][0m [32mexpo-file-system[0m (57.0.7)
  - [33m[📦][0m [32mexpo-font[0m (57.0.4)
  - [33m[📦][0m [32mexpo-haptics[0m (57.0.3)
  - [33m[📦][0m [32mexpo-image[0m (57.0.5)
  - [33m[📦][0m [32mexpo-image-loader[0m (57.0.1)
  - [33m[📦][0m [32mexpo-image-picker[0m (57.0.19)
  - [33m[📦][0m [32mexpo-keep-awake[0m (57.0.2)
  - [33m[📦][0m [32mexpo-linear-gradient[0m (57.0.2)
  - [33m[📦][0m [32mexpo-linking[0m (57.0.10)
  - [33m[📦][0m [32mexpo-location[0m (57.0.19)
  - [33m[📦][0m [32mexpo-router[0m (57.0.22)
  - [33m[📦][0m [32mexpo-secure-store[0m (57.0.4)
  - [33m[📦][0m [32mexpo-splash-screen[0m (57.0.9)
  - [33m[📦][0m [32mexpo-sqlite[0m (57.0.3)
  - [33m[📦][0m [32mexpo-status-bar[0m (57.0.1)
  - [33m[📦][0m [32mexpo-system-ui[0m (57.0.4)
  - [33m[📦][0m [32mexpo-web-browser[0m (57.0.3)


> Task :react-native-masked-view_masked-view:preBuild UP-TO-DATE
> Task :expo-modules-core:preBuild UP-TO-DATE
> Task :expo-log-box:preBuild UP-TO-DATE
> Task :expo-modules-core:preReleaseBuild UP-TO-DATE
> Task :expo-log-box:preReleaseBuild UP-TO-DATE
> Task :react-native-masked-view_masked-view:preReleaseBuild UP-TO-DATE
> Task :react-native-maps:generateCodegenSchemaFromJavaScript SKIPPED
> Task :react-native-maps:generateCodegenArtifactsFromSchema SKIPPED
> Task :react-native-maps:preBuild UP-TO-DATE
> Task :react-native-maps:preReleaseBuild UP-TO-DATE
> Task :expo:generatePackagesList
> Task :expo:preBuild
> Task :expo:preReleaseBuild
> Task :app:generateAutolinkingNewArchitectureFiles
> Task :app:generateAutolinkingPackageList
> Task :app:generateCodegenSchemaFromJavaScript SKIPPED
> Task :app:generateCodegenArtifactsFromSchema SKIPPED
> Task :app:generateReactNativeEntryPoint
> Task :expo-modules-core:mergeReleaseJniLibFolders
> Task :expo:mergeReleaseJniLibFolders
> Task :expo-modules-core:checkKotlinGradlePluginConfigurationErrors SKIPPED
> Task :react-native-maps:mergeReleaseJniLibFolders
> Task :expo-log-box:mergeReleaseJniLibFolders
> Task :react-native-masked-view_masked-view:mergeReleaseJniLibFolders
> Task :expo-log-box:mergeReleaseNativeLibs NO-SOURCE
> Task :expo:mergeReleaseNativeLibs NO-SOURCE
> Task :react-native-maps:mergeReleaseNativeLibs NO-SOURCE
> Task :react-native-masked-view_masked-view:mergeReleaseNativeLibs NO-SOURCE
> Task :react-native-maps:checkKotlinGradlePluginConfigurationErrors SKIPPED
> Task :react-native-masked-view_masked-view:copyReleaseJniLibsProjectOnly
> Task :expo:copyReleaseJniLibsProjectOnly
> Task :expo-log-box:copyReleaseJniLibsProjectOnly
> Task :react-native-maps:copyReleaseJniLibsProjectOnly
> Task :expo-log-box:checkKotlinGradlePluginConfigurationErrors SKIPPED
> Task :expo:checkKotlinGradlePluginConfigurationErrors SKIPPED
> Task :expo-modules-core:generateReleaseBuildConfig
> Task :expo-modules-core:generateReleaseResValues
> Task :react-native-maps:generateReleaseBuildConfig
> Task :expo:generateReleaseBuildConfig
> Task :react-native-masked-view_masked-view:generateReleaseBuildConfig
> Task :expo-log-box:generateReleaseBuildConfig
> Task :react-native-maps:generateReleaseResValues
> Task :expo:generateReleaseResValues
> Task :expo-log-box:generateReleaseResValues
> Task :react-native-masked-view_masked-view:generateReleaseResValues
> Task :expo-modules-core:generateReleaseResources
> Task :expo:generateReleaseResources
> Task :react-native-masked-view_masked-view:generateReleaseResources
> Task :react-native-maps:generateReleaseResources
> Task :expo-log-box:generateReleaseResources
> Task :app:buildKotlinToolingMetadata
> Task :app:checkKotlinGradlePluginConfigurationErrors SKIPPED
> Task :expo-modules-core:packageReleaseResources
> Task :expo:packageReleaseResources
> Task :react-native-masked-view_masked-view:packageReleaseResources
> Task :react-native-maps:packageReleaseResources
> Task :expo-log-box:packageReleaseResources
> Task :react-native-maps:javaPreCompileRelease
> Task :react-native-worklets:assertMinimalReactNativeVersionTask
> Task :expo-modules-core:javaPreCompileRelease
> Task :expo-log-box:javaPreCompileRelease
> Task :expo:javaPreCompileRelease
> Task :react-native-masked-view_masked-view:javaPreCompileRelease
> Task :react-native-reanimated:assertMinimalReactNativeVersionTask
> Task :expo:writeReleaseAarMetadata
> Task :react-native-maps:parseReleaseLocalResources
> Task :expo-log-box:parseReleaseLocalResources
> Task :expo-modules-core:parseReleaseLocalResources
> Task :expo:parseReleaseLocalResources
> Task :react-native-masked-view_masked-view:parseReleaseLocalResources
> Task :expo-log-box:writeReleaseAarMetadata
> Task :expo-modules-core:writeReleaseAarMetadata
> Task :react-native-maps:writeReleaseAarMetadata
> Task :react-native-masked-view_masked-view:writeReleaseAarMetadata
> Task :expo:extractDeepLinksRelease
> Task :expo-log-box:generateReleaseRFile
> Task :react-native-maps:generateReleaseRFile
> Task :react-native-masked-view_masked-view:generateReleaseRFile
> Task :expo:generateReleaseRFile
> Task :expo-modules-core:generateReleaseRFile
> Task :expo-log-box:extractDeepLinksRelease
> Task :expo-modules-core:extractDeepLinksRelease
> Task :react-native-maps:compileReleaseKotlin NO-SOURCE
> Task :expo:compileReleaseLibraryResources
> Task :react-native-reanimated:assertWorkletsVersionTask
> Task :expo:processReleaseManifest
> Task :expo-log-box:processReleaseManifest
> Task :expo:prepareReleaseArtProfile
> Task :expo-log-box:prepareReleaseArtProfile
> Task :expo-modules-core:prepareReleaseArtProfile
> Task :expo-log-box:compileReleaseLibraryResources
> Task :expo-modules-core:compileReleaseLibraryResources
> Task :expo-log-box:mergeReleaseShaders
> Task :expo:mergeReleaseShaders
> Task :expo-log-box:compileReleaseShaders NO-SOURCE
> Task :expo:compileReleaseShaders NO-SOURCE
> Task :expo-log-box:generateReleaseAssets UP-TO-DATE
> Task :expo:generateReleaseAssets UP-TO-DATE
> Task :expo-modules-core:mergeReleaseShaders
> Task :expo-modules-core:compileReleaseShaders NO-SOURCE
> Task :expo-modules-core:generateReleaseAssets UP-TO-DATE

> Task :expo-modules-core:processReleaseManifest
C:\Users\272249\AppData\Local\Temp\r91fresh\frontend\node_modules\expo-modules-core\android\src\main\AndroidManifest.xml:8:9-11:45 Warning:
	meta-data#com.facebook.soloader.enabled@android:value was tagged at AndroidManifest.xml:8 to replace other declarations but no other declaration present

> Task :expo:mergeReleaseAssets
> Task :expo-log-box:mergeReleaseAssets
> Task :expo-modules-core:mergeReleaseAssets
> Task :expo-modules-core:extractProguardFiles
> Task :expo-log-box:extractProguardFiles
> Task :expo:extractProguardFiles
> Task :expo:stripReleaseDebugSymbols NO-SOURCE
> Task :expo-log-box:prepareLintJarForPublish
> Task :expo:prepareLintJarForPublish
> Task :expo-modules-core:prepareLintJarForPublish
> Task :expo-log-box:stripReleaseDebugSymbols NO-SOURCE
> Task :expo-modules-core:extractDeepLinksForAarRelease
> Task :expo:copyReleaseJniLibsProjectAndLocalJars
> Task :expo-log-box:copyReleaseJniLibsProjectAndLocalJars
> Task :expo-log-box:extractDeepLinksForAarRelease
> Task :expo:extractDeepLinksForAarRelease
> Task :expo-log-box:writeReleaseLintModelMetadata
> Task :expo:writeReleaseLintModelMetadata
> Task :expo-modules-core:writeReleaseLintModelMetadata

> Task :expo-constants:createExpoConfig
The NODE_ENV environment variable is required but was not specified. Ensure the project is bundled with Expo CLI or NODE_ENV is set. Using only .env.local and .env

> Task :expo-constants:preBuild
> Task :expo-constants:preReleaseBuild
> Task :expo-constants:mergeReleaseJniLibFolders
> Task :expo-constants:mergeReleaseNativeLibs NO-SOURCE
> Task :expo-constants:checkKotlinGradlePluginConfigurationErrors SKIPPED
> Task :expo-constants:generateReleaseBuildConfig
> Task :expo-constants:generateReleaseResValues
> Task :expo-constants:generateReleaseResources
> Task :expo-constants:packageReleaseResources
> Task :expo-constants:parseReleaseLocalResources
> Task :expo-constants:javaPreCompileRelease
> Task :expo-constants:writeReleaseAarMetadata
> Task :expo-constants:extractDeepLinksRelease
> Task :expo-constants:generateReleaseRFile
> Task :expo-constants:compileReleaseLibraryResources
> Task :expo-constants:processReleaseManifest
> Task :expo-constants:prepareReleaseArtProfile
> Task :expo-constants:copyReleaseJniLibsProjectOnly
> Task :expo-constants:mergeReleaseShaders
> Task :expo-constants:compileReleaseShaders NO-SOURCE
> Task :expo-constants:generateReleaseAssets UP-TO-DATE
> Task :expo-log-box:mapReleaseSourceSetPaths
> Task :expo-constants:mergeReleaseAssets
> Task :expo-constants:extractProguardFiles
> Task :expo-constants:prepareLintJarForPublish
> Task :expo-constants:stripReleaseDebugSymbols NO-SOURCE
> Task :expo-constants:copyReleaseJniLibsProjectAndLocalJars
> Task :expo-constants:extractDeepLinksForAarRelease
> Task :expo-constants:writeReleaseLintModelMetadata
> Task :expo-constants:mapReleaseSourceSetPaths
> Task :expo-constants:mergeReleaseResources

> Task :react-native-masked-view_masked-view:compileReleaseJavaWithJavac
Note: C:\Users\272249\AppData\Local\Temp\r91fresh\frontend\node_modules\@react-native-masked-view\masked-view\android\src\main\java\org\reactnative\maskedview\RNCMaskedViewPackage.java uses or overrides a deprecated API.
Note: Recompile with -Xlint:deprecation for details.

> Task :expo-constants:verifyReleaseResources
> Task :react-native-community_netinfo:generateCodegenSchemaFromJavaScript
> Task :react-native-async-storage_async-storage:generateCodegenSchemaFromJavaScript
> Task :react-native-worklets:generateCodegenSchemaFromJavaScript
> Task :react-native-reanimated:generateCodegenSchemaFromJavaScript
> Task :react-native-gesture-handler:generateCodegenSchemaFromJavaScript
> Task :react-native-webview:generateCodegenSchemaFromJavaScript
> Task :react-native-safe-area-context:generateCodegenSchemaFromJavaScript
> Task :react-native-masked-view_masked-view:extractDeepLinksRelease
> Task :react-native-masked-view_masked-view:compileReleaseLibraryResources
> Task :react-native-masked-view_masked-view:processReleaseManifest
> Task :react-native-masked-view_masked-view:bundleLibRuntimeToDirRelease
> Task :react-native-masked-view_masked-view:prepareReleaseArtProfile
> Task :react-native-masked-view_masked-view:mergeReleaseShaders
> Task :react-native-masked-view_masked-view:compileReleaseShaders NO-SOURCE
> Task :react-native-masked-view_masked-view:bundleLibRuntimeToJarRelease
> Task :react-native-masked-view_masked-view:generateReleaseAssets UP-TO-DATE
> Task :react-native-masked-view_masked-view:bundleLibCompileToJarRelease
> Task :react-native-masked-view_masked-view:mergeReleaseAssets
> Task :react-native-masked-view_masked-view:processReleaseJavaRes NO-SOURCE
> Task :react-native-masked-view_masked-view:createFullJarRelease
> Task :react-native-masked-view_masked-view:extractProguardFiles
> Task :react-native-screens:generateCodegenSchemaFromJavaScript
> Task :react-native-masked-view_masked-view:generateReleaseLintModel
> Task :react-native-masked-view_masked-view:prepareLintJarForPublish
> Task :react-native-masked-view_masked-view:stripReleaseDebugSymbols NO-SOURCE
> Task :react-native-masked-view_masked-view:copyReleaseJniLibsProjectAndLocalJars
> Task :react-native-masked-view_masked-view:extractDeepLinksForAarRelease
> Task :react-native-masked-view_masked-view:extractReleaseAnnotations
> Task :react-native-masked-view_masked-view:mergeReleaseGeneratedProguardFiles
> Task :react-native-masked-view_masked-view:mergeReleaseConsumerProguardFiles
> Task :react-native-masked-view_masked-view:writeReleaseLintModelMetadata
> Task :react-native-masked-view_masked-view:generateReleaseLintVitalModel
> Task :react-native-masked-view_masked-view:mergeReleaseJavaResource
> Task :react-native-masked-view_masked-view:mapReleaseSourceSetPaths
> Task :react-native-masked-view_masked-view:syncReleaseLibJars
> Task :react-native-masked-view_masked-view:bundleReleaseLocalLintAar
> Task :react-native-masked-view_masked-view:bundleReleaseAar
> Task :react-native-community_netinfo:generateCodegenArtifactsFromSchema
> Task :react-native-community_netinfo:preBuild
> Task :react-native-community_netinfo:preReleaseBuild
> Task :react-native-async-storage_async-storage:generateCodegenArtifactsFromSchema
> Task :react-native-async-storage_async-storage:preBuild
> Task :react-native-async-storage_async-storage:preReleaseBuild
> Task :react-native-community_netinfo:mergeReleaseJniLibFolders
> Task :react-native-safe-area-context:generateCodegenArtifactsFromSchema
> Task :react-native-safe-area-context:preBuild
> Task :react-native-safe-area-context:preReleaseBuild
> Task :react-native-community_netinfo:mergeReleaseNativeLibs NO-SOURCE
> Task :react-native-async-storage_async-storage:mergeReleaseJniLibFolders
> Task :react-native-community_netinfo:copyReleaseJniLibsProjectOnly
> Task :react-native-async-storage_async-storage:mergeReleaseNativeLibs NO-SOURCE
> Task :react-native-safe-area-context:mergeReleaseJniLibFolders
> Task :react-native-worklets:generateCodegenArtifactsFromSchema
> Task :react-native-safe-area-context:mergeReleaseNativeLibs NO-SOURCE
> Task :react-native-reanimated:generateCodegenArtifactsFromSchema
> Task :react-native-gesture-handler:generateCodegenArtifactsFromSchema
> Task :react-native-gesture-handler:preBuild
> Task :react-native-gesture-handler:preReleaseBuild
> Task :react-native-webview:generateCodegenArtifactsFromSchema
> Task :react-native-webview:preBuild
> Task :react-native-webview:preReleaseBuild
> Task :react-native-async-storage_async-storage:copyReleaseJniLibsProjectOnly
> Task :react-native-safe-area-context:copyReleaseJniLibsProjectOnly
> Task :react-native-safe-area-context:checkKotlinGradlePluginConfigurationErrors SKIPPED
> Task :react-native-gesture-handler:mergeReleaseJniLibFolders
> Task :react-native-gesture-handler:checkKotlinGradlePluginConfigurationErrors SKIPPED
> Task :react-native-community_netinfo:generateReleaseBuildConfig
> Task :react-native-webview:mergeReleaseJniLibFolders
> Task :react-native-community_netinfo:generateReleaseResValues
> Task :react-native-webview:mergeReleaseNativeLibs NO-SOURCE
> Task :react-native-safe-area-context:generateReleaseBuildConfig
> Task :react-native-gesture-handler:generateReleaseBuildConfig
> Task :react-native-async-storage_async-storage:generateReleaseBuildConfig
> Task :react-native-safe-area-context:generateReleaseResValues
> Task :react-native-gesture-handler:generateReleaseResValues
> Task :react-native-webview:checkKotlinGradlePluginConfigurationErrors SKIPPED
> Task :react-native-async-storage_async-storage:generateReleaseResValues
> Task :react-native-webview:copyReleaseJniLibsProjectOnly
> Task :react-native-screens:generateCodegenArtifactsFromSchema
> Task :react-native-screens:preBuild
> Task :react-native-screens:preReleaseBuild
> Task :react-native-safe-area-context:generateReleaseResources
> Task :react-native-gesture-handler:generateReleaseResources
> Task :react-native-community_netinfo:generateReleaseResources
> Task :react-native-webview:generateReleaseBuildConfig
> Task :react-native-async-storage_async-storage:generateReleaseResources
> Task :react-native-webview:generateReleaseResValues
> Task :react-native-safe-area-context:packageReleaseResources
> Task :react-native-gesture-handler:packageReleaseResources
> Task :react-native-safe-area-context:javaPreCompileRelease
> Task :react-native-safe-area-context:parseReleaseLocalResources
> Task :react-native-webview:generateReleaseResources
> Task :react-native-gesture-handler:parseReleaseLocalResources
> Task :react-native-safe-area-context:writeReleaseAarMetadata
> Task :react-native-gesture-handler:javaPreCompileRelease
> Task :react-native-async-storage_async-storage:packageReleaseResources
> Task :react-native-community_netinfo:packageReleaseResources
> Task :react-native-gesture-handler:writeReleaseAarMetadata
> Task :react-native-async-storage_async-storage:parseReleaseLocalResources
> Task :react-native-community_netinfo:parseReleaseLocalResources
> Task :react-native-gesture-handler:generateReleaseRFile
> Task :react-native-community_netinfo:javaPreCompileRelease
> Task :react-native-gesture-handler:extractDeepLinksRelease
> Task :react-native-async-storage_async-storage:javaPreCompileRelease
> Task :react-native-safe-area-context:extractDeepLinksRelease
> Task :react-native-safe-area-context:generateReleaseRFile
> Task :react-native-webview:packageReleaseResources
> Task :react-native-community_netinfo:generateReleaseRFile
> Task :react-native-community_netinfo:writeReleaseAarMetadata
> Task :react-native-gesture-handler:processReleaseManifest
> Task :react-native-worklets:prepareWorkletsHeadersForPrefabs
> Task :react-native-async-storage_async-storage:generateReleaseRFile
> Task :react-native-worklets:preBuild
> Task :react-native-worklets:preReleaseBuild
> Task :react-native-webview:parseReleaseLocalResources
> Task :react-native-gesture-handler:compileReleaseLibraryResources
> Task :react-native-webview:javaPreCompileRelease
> Task :react-native-gesture-handler:prepareReleaseArtProfile
> Task :react-native-gesture-handler:mergeReleaseShaders
> Task :react-native-webview:writeReleaseAarMetadata
> Task :react-native-gesture-handler:compileReleaseShaders NO-SOURCE
> Task :react-native-gesture-handler:generateReleaseAssets UP-TO-DATE
> Task :react-native-webview:generateReleaseRFile
> Task :react-native-gesture-handler:mergeReleaseAssets
> Task :react-native-webview:extractDeepLinksRelease
> Task :react-native-gesture-handler:extractProguardFiles
> Task :react-native-gesture-handler:prepareLintJarForPublish
> Task :react-native-gesture-handler:extractDeepLinksForAarRelease
> Task :react-native-gesture-handler:writeReleaseLintModelMetadata
> Task :react-native-reanimated:prepareReanimatedHeadersForPrefabs
> Task :react-native-reanimated:preBuild
> Task :react-native-reanimated:preReleaseBuild
> Task :react-native-reanimated:mergeReleaseJniLibFolders
> Task :react-native-reanimated:checkKotlinGradlePluginConfigurationErrors SKIPPED
> Task :react-native-reanimated:generateReleaseBuildConfig
> Task :react-native-reanimated:generateReleaseResValues
> Task :react-native-reanimated:generateReleaseResources
> Task :react-native-reanimated:packageReleaseResources
> Task :react-native-reanimated:parseReleaseLocalResources
> Task :react-native-reanimated:javaPreCompileRelease
> Task :react-native-reanimated:generateReleaseRFile
> Task :react-native-reanimated:writeReleaseAarMetadata
> Task :react-native-reanimated:extractDeepLinksRelease
> Task :react-native-reanimated:compileReleaseLibraryResources
> Task :react-native-reanimated:prepareReleaseArtProfile
> Task :react-native-reanimated:processReleaseManifest
> Task :react-native-reanimated:mergeReleaseShaders
> Task :react-native-reanimated:compileReleaseShaders NO-SOURCE
> Task :react-native-reanimated:generateReleaseAssets UP-TO-DATE
> Task :react-native-reanimated:mergeReleaseAssets
> Task :react-native-reanimated:extractProguardFiles
> Task :react-native-reanimated:prepareLintJarForPublish
> Task :react-native-reanimated:extractDeepLinksForAarRelease
> Task :react-native-reanimated:writeReleaseLintModelMetadata
> Task :react-native-safe-area-context:compileReleaseLibraryResources
> Task :react-native-safe-area-context:prepareReleaseArtProfile

> Task :react-native-safe-area-context:processReleaseManifest
package="com.th3rdwave.safeareacontext" found in source AndroidManifest.xml: C:\Users\272249\AppData\Local\Temp\r91fresh\frontend\node_modules\react-native-safe-area-context\android\src\main\AndroidManifest.xml.
Setting the namespace via the package attribute in the source AndroidManifest.xml is no longer supported, and the value is ignored.
Recommendation: remove package="com.th3rdwave.safeareacontext" from the source AndroidManifest.xml: C:\Users\272249\AppData\Local\Temp\r91fresh\frontend\node_modules\react-native-safe-area-context\android\src\main\AndroidManifest.xml.

> Task :react-native-safe-area-context:mergeReleaseShaders
> Task :react-native-safe-area-context:compileReleaseShaders NO-SOURCE
> Task :react-native-safe-area-context:generateReleaseAssets UP-TO-DATE
> Task :react-native-webview:processReleaseManifest

> Task :react-native-community_netinfo:compileReleaseJavaWithJavac
C:\Users\272249\AppData\Local\Temp\r91fresh\frontend\node_modules\@react-native-community\netinfo\android\src\newarch\com\reactnativecommunity\netinfo\NetInfoModule.java:43: warning: [removal] onCatalystInstanceDestroy() in NativeModule has been deprecated and marked for removal
    public void onCatalystInstanceDestroy() {
                ^
Note: Some input files use or override a deprecated API.
Note: Recompile with -Xlint:deprecation for details.
1 warning

> Task :react-native-webview:prepareReleaseArtProfile
> Task :react-native-community_netinfo:extractDeepLinksRelease
> Task :react-native-safe-area-context:mergeReleaseAssets
> Task :react-native-webview:mergeReleaseShaders
> Task :react-native-webview:compileReleaseShaders NO-SOURCE
> Task :react-native-webview:generateReleaseAssets UP-TO-DATE
> Task :react-native-webview:mergeReleaseAssets
> Task :react-native-safe-area-context:extractProguardFiles
> Task :react-native-safe-area-context:prepareLintJarForPublish
> Task :react-native-safe-area-context:stripReleaseDebugSymbols NO-SOURCE
> Task :react-native-safe-area-context:copyReleaseJniLibsProjectAndLocalJars
> Task :react-native-safe-area-context:extractDeepLinksForAarRelease
> Task :react-native-community_netinfo:compileReleaseLibraryResources

> Task :react-native-community_netinfo:processReleaseManifest
package="com.reactnativecommunity.netinfo" found in source AndroidManifest.xml: C:\Users\272249\AppData\Local\Temp\r91fresh\frontend\node_modules\@react-native-community\netinfo\android\src\main\AndroidManifest.xml.
Setting the namespace via the package attribute in the source AndroidManifest.xml is no longer supported, and the value is ignored.
Recommendation: remove package="com.reactnativecommunity.netinfo" from the source AndroidManifest.xml: C:\Users\272249\AppData\Local\Temp\r91fresh\frontend\node_modules\@react-native-community\netinfo\android\src\main\AndroidManifest.xml.

> Task :react-native-safe-area-context:writeReleaseLintModelMetadata
> Task :react-native-community_netinfo:prepareReleaseArtProfile
> Task :react-native-safe-area-context:mapReleaseSourceSetPaths
> Task :react-native-webview:extractProguardFiles
> Task :react-native-community_netinfo:mergeReleaseShaders
> Task :react-native-community_netinfo:compileReleaseShaders NO-SOURCE
> Task :react-native-community_netinfo:generateReleaseAssets UP-TO-DATE
> Task :react-native-community_netinfo:bundleLibCompileToJarRelease
> Task :react-native-community_netinfo:bundleLibRuntimeToJarRelease
> Task :react-native-webview:prepareLintJarForPublish
> Task :react-native-webview:stripReleaseDebugSymbols NO-SOURCE
> Task :react-native-webview:copyReleaseJniLibsProjectAndLocalJars
> Task :react-native-webview:extractDeepLinksForAarRelease
> Task :react-native-webview:writeReleaseLintModelMetadata
> Task :react-native-community_netinfo:mergeReleaseAssets
> Task :react-native-community_netinfo:bundleLibRuntimeToDirRelease
> Task :react-native-community_netinfo:processReleaseJavaRes NO-SOURCE
> Task :react-native-webview:mapReleaseSourceSetPaths
> Task :react-native-community_netinfo:createFullJarRelease
> Task :react-native-community_netinfo:extractProguardFiles
> Task :react-native-webview:compileReleaseLibraryResources

> Task :react-native-async-storage_async-storage:compileReleaseJavaWithJavac
Note: Some input files use or override a deprecated API.
Note: Recompile with -Xlint:deprecation for details.
Note: C:\Users\272249\AppData\Local\Temp\r91fresh\frontend\node_modules\@react-native-async-storage\async-storage\android\src\javaPackage\java\com\reactnativecommunity\asyncstorage\AsyncStoragePackage.java uses unchecked or unsafe operations.
Note: Recompile with -Xlint:unchecked for details.

> Task :react-native-community_netinfo:generateReleaseLintModel
> Task :react-native-community_netinfo:prepareLintJarForPublish
> Task :react-native-community_netinfo:stripReleaseDebugSymbols NO-SOURCE
> Task :react-native-community_netinfo:copyReleaseJniLibsProjectAndLocalJars
> Task :react-native-community_netinfo:extractDeepLinksForAarRelease
> Task :react-native-community_netinfo:extractReleaseAnnotations
> Task :react-native-community_netinfo:mergeReleaseGeneratedProguardFiles
> Task :react-native-community_netinfo:mergeReleaseConsumerProguardFiles
> Task :react-native-community_netinfo:mergeReleaseJavaResource
> Task :react-native-async-storage_async-storage:writeReleaseAarMetadata
> Task :react-native-async-storage_async-storage:extractDeepLinksRelease

> Task :react-native-async-storage_async-storage:processReleaseManifest
package="com.reactnativecommunity.asyncstorage" found in source AndroidManifest.xml: C:\Users\272249\AppData\Local\Temp\r91fresh\frontend\node_modules\@react-native-async-storage\async-storage\android\src\main\AndroidManifest.xml.
Setting the namespace via the package attribute in the source AndroidManifest.xml is no longer supported, and the value is ignored.
Recommendation: remove package="com.reactnativecommunity.asyncstorage" from the source AndroidManifest.xml: C:\Users\272249\AppData\Local\Temp\r91fresh\frontend\node_modules\@react-native-async-storage\async-storage\android\src\main\AndroidManifest.xml.

> Task :react-native-async-storage_async-storage:compileReleaseLibraryResources
> Task :react-native-async-storage_async-storage:bundleLibRuntimeToDirRelease
> Task :react-native-async-storage_async-storage:bundleLibCompileToJarRelease
> Task :react-native-async-storage_async-storage:prepareReleaseArtProfile
> Task :react-native-async-storage_async-storage:bundleLibRuntimeToJarRelease
> Task :react-native-masked-view_masked-view:mergeReleaseResources
> Task :react-native-community_netinfo:syncReleaseLibJars
> Task :react-native-community_netinfo:bundleReleaseLocalLintAar
> Task :react-native-community_netinfo:writeReleaseLintModelMetadata
> Task :react-native-community_netinfo:generateReleaseLintVitalModel
> Task :react-native-community_netinfo:bundleReleaseAar
> Task :react-native-community_netinfo:mapReleaseSourceSetPaths
> Task :react-native-async-storage_async-storage:mergeReleaseShaders
> Task :react-native-async-storage_async-storage:compileReleaseShaders NO-SOURCE
> Task :react-native-async-storage_async-storage:generateReleaseAssets UP-TO-DATE
> Task :react-native-async-storage_async-storage:mergeReleaseAssets
> Task :react-native-async-storage_async-storage:processReleaseJavaRes NO-SOURCE
> Task :react-native-async-storage_async-storage:createFullJarRelease
> Task :react-native-async-storage_async-storage:extractProguardFiles
> Task :react-native-async-storage_async-storage:generateReleaseLintModel
> Task :react-native-async-storage_async-storage:prepareLintJarForPublish
> Task :react-native-async-storage_async-storage:stripReleaseDebugSymbols NO-SOURCE
> Task :react-native-async-storage_async-storage:copyReleaseJniLibsProjectAndLocalJars
> Task :react-native-async-storage_async-storage:extractDeepLinksForAarRelease
> Task :react-native-async-storage_async-storage:extractReleaseAnnotations
> Task :react-native-async-storage_async-storage:mergeReleaseGeneratedProguardFiles
> Task :react-native-async-storage_async-storage:mergeReleaseConsumerProguardFiles
> Task :react-native-async-storage_async-storage:mergeReleaseJavaResource
> Task :react-native-async-storage_async-storage:syncReleaseLibJars
> Task :react-native-async-storage_async-storage:bundleReleaseLocalLintAar
> Task :react-native-async-storage_async-storage:writeReleaseLintModelMetadata
> Task :react-native-async-storage_async-storage:generateReleaseLintVitalModel
> Task :react-native-async-storage_async-storage:bundleReleaseAar
> Task :react-native-async-storage_async-storage:mapReleaseSourceSetPaths
> Task :expo-log-box:mergeReleaseResources
> Task :react-native-webview:mergeReleaseResources
> Task :react-native-safe-area-context:mergeReleaseResources
> Task :react-native-community_netinfo:mergeReleaseResources

> Task :react-native-webview:compileReleaseKotlin
w: file:///C:/Users/272249/AppData/Local/Temp/r91fresh/frontend/node_modules/react-native-webview/android/src/main/java/com/reactnativecommunity/webview/RNCWebViewManagerImpl.kt:22:8 'object MapBuilder : Any' is deprecated. Use Kotlin's built-in collections extensions.
w: file:///C:/Users/272249/AppData/Local/Temp/r91fresh/frontend/node_modules/react-native-webview/android/src/main/java/com/reactnativecommunity/webview/RNCWebViewManagerImpl.kt:82:18 'var allowFileAccessFromFileURLs: Boolean' is deprecated. Deprecated in Java.
w: file:///C:/Users/272249/AppData/Local/Temp/r91fresh/frontend/node_modules/react-native-webview/android/src/main/java/com/reactnativecommunity/webview/RNCWebViewManagerImpl.kt:83:18 'var allowUniversalAccessFromFileURLs: Boolean' is deprecated. Deprecated in Java.
w: file:///C:/Users/272249/AppData/Local/Temp/r91fresh/frontend/node_modules/react-native-webview/android/src/main/java/com/reactnativecommunity/webview/RNCWebViewManagerImpl.kt:124:21 'fun allowScanningByMediaScanner(): Unit' is deprecated. Deprecated in Java.
w: file:///C:/Users/272249/AppData/Local/Temp/r91fresh/frontend/node_modules/react-native-webview/android/src/main/java/com/reactnativecommunity/webview/RNCWebViewManagerImpl.kt:161:36 'var systemUiVisibility: Int' is deprecated. Deprecated in Java.
w: file:///C:/Users/272249/AppData/Local/Temp/r91fresh/frontend/node_modules/react-native-webview/android/src/main/java/com/reactnativecommunity/webview/RNCWebViewManagerImpl.kt:300:14 'object MapBuilder : Any' is deprecated. Use Kotlin's built-in collections extensions.
w: file:///C:/Users/272249/AppData/Local/Temp/r91fresh/frontend/node_modules/react-native-webview/android/src/main/java/com/reactnativecommunity/webview/RNCWebViewManagerImpl.kt:350:34 Condition is always 'true'.
w: file:///C:/Users/272249/AppData/Local/Temp/r91fresh/frontend/node_modules/react-native-webview/android/src/main/java/com/reactnativecommunity/webview/RNCWebViewManagerImpl.kt:369:38 'var allowUniversalAccessFromFileURLs: Boolean' is deprecated. Deprecated in Java.
w: file:///C:/Users/272249/AppData/Local/Temp/r91fresh/frontend/node_modules/react-native-webview/android/src/main/java/com/reactnativecommunity/webview/RNCWebViewManagerImpl.kt:430:51 Unchecked cast of 'Any?' to 'HashMap<String, String>'.
w: file:///C:/Users/272249/AppData/Local/Temp/r91fresh/frontend/node_modules/react-native-webview/android/src/main/java/com/reactnativecommunity/webview/RNCWebViewManagerImpl.kt:486:23 'var savePassword: Boolean' is deprecated. Deprecated in Java.
w: file:///C:/Users/272249/AppData/Local/Temp/r91fresh/frontend/node_modules/react-native-webview/android/src/main/java/com/reactnativecommunity/webview/RNCWebViewManagerImpl.kt:487:23 'var saveFormData: Boolean' is deprecated. Deprecated in Java.
w: file:///C:/Users/272249/AppData/Local/Temp/r91fresh/frontend/node_modules/react-native-webview/android/src/main/java/com/reactnativecommunity/webview/RNCWebViewManagerImpl.kt:557:23 'var allowFileAccessFromFileURLs: Boolean' is deprecated. Deprecated in Java.
w: file:///C:/Users/272249/AppData/Local/Temp/r91fresh/frontend/node_modules/react-native-webview/android/src/main/java/com/reactnativecommunity/webview/RNCWebViewManagerImpl.kt:602:52 'static field FORCE_DARK_ON: Int' is deprecated. Deprecated in Java.
w: file:///C:/Users/272249/AppData/Local/Temp/r91fresh/frontend/node_modules/react-native-webview/android/src/main/java/com/reactnativecommunity/webview/RNCWebViewManagerImpl.kt:602:89 'static field FORCE_DARK_OFF: Int' is deprecated. Deprecated in Java.
w: file:///C:/Users/272249/AppData/Local/Temp/r91fresh/frontend/node_modules/react-native-webview/android/src/main/java/com/reactnativecommunity/webview/RNCWebViewManagerImpl.kt:603:35 'static fun setForceDark(p0: @NonNull() WebSettings, p1: Int): Unit' is deprecated. Deprecated in Java.
w: file:///C:/Users/272249/AppData/Local/Temp/r91fresh/frontend/node_modules/react-native-webview/android/src/main/java/com/reactnativecommunity/webview/RNCWebViewManagerImpl.kt:612:35 'static fun setForceDarkStrategy(p0: @NonNull() WebSettings, p1: Int): Unit' is deprecated. Deprecated in Java.
w: file:///C:/Users/272249/AppData/Local/Temp/r91fresh/frontend/node_modules/react-native-webview/android/src/main/java/com/reactnativecommunity/webview/RNCWebViewManagerImpl.kt:614:39 'static field DARK_STRATEGY_PREFER_WEB_THEME_OVER_USER_AGENT_DARKENING: Int' is deprecated. Deprecated in Java.
w: file:///C:/Users/272249/AppData/Local/Temp/r91fresh/frontend/node_modules/react-native-webview/android/src/main/java/com/reactnativecommunity/webview/RNCWebViewManagerImpl.kt:658:65 Unchecked cast of 'ArrayList<Any?>' to 'List<Map<String, String>>'.
w: file:///C:/Users/272249/AppData/Local/Temp/r91fresh/frontend/node_modules/react-native-webview/android/src/main/java/com/reactnativecommunity/webview/RNCWebViewManagerImpl.kt:679:23 'var saveFormData: Boolean' is deprecated. Deprecated in Java.
w: file:///C:/Users/272249/AppData/Local/Temp/r91fresh/frontend/node_modules/react-native-webview/android/src/main/java/com/reactnativecommunity/webview/events/SubResourceErrorEvent.kt:5:8 'interface RCTEventEmitter : JavaScriptModule' is deprecated. Use [RCTModernEventEmitter] instead.
w: file:///C:/Users/272249/AppData/Local/Temp/r91fresh/frontend/node_modules/react-native-webview/android/src/main/java/com/reactnativecommunity/webview/events/SubResourceErrorEvent.kt:11:3 'constructor<T : Event<T>>(viewTag: Int): Event<T>' is deprecated. Use constructor with explicit surfaceId instead.
w: file:///C:/Users/272249/AppData/Local/Temp/r91fresh/frontend/node_modules/react-native-webview/android/src/main/java/com/reactnativecommunity/webview/events/SubResourceErrorEvent.kt:22:16 This declaration overrides a deprecated member but is not marked as deprecated itself. Add the '@Deprecated' annotation or suppress the diagnostic.
w: file:///C:/Users/272249/AppData/Local/Temp/r91fresh/frontend/node_modules/react-native-webview/android/src/main/java/com/reactnativecommunity/webview/events/SubResourceErrorEvent.kt:22:42 'interface RCTEventEmitter : JavaScriptModule' is deprecated. Use [RCTModernEventEmitter] instead.
w: file:///C:/Users/272249/AppData/Local/Temp/r91fresh/frontend/node_modules/react-native-webview/android/src/main/java/com/reactnativecommunity/webview/events/SubResourceErrorEvent.kt:23:21 'fun receiveEvent(targetTag: Int, eventName: String, params: WritableMap?): Unit' is deprecated. Use [RCTModernEventEmitter.receiveEvent] instead.
w: file:///C:/Users/272249/AppData/Local/Temp/r91fresh/frontend/node_modules/react-native-webview/android/src/main/java/com/reactnativecommunity/webview/events/TopCustomMenuSelectionEvent.kt:5:8 'interface RCTEventEmitter : JavaScriptModule' is deprecated. Use [RCTModernEventEmitter] instead.
w: file:///C:/Users/272249/AppData/Local/Temp/r91fresh/frontend/node_modules/react-native-webview/android/src/main/java/com/reactnativecommunity/webview/events/TopCustomMenuSelectionEvent.kt:11:3 'constructor<T : Event<T>>(viewTag: Int): Event<T>' is deprecated. Use constructor with explicit surfaceId instead.
w: file:///C:/Users/272249/AppData/Local/Temp/r91fresh/frontend/node_modules/react-native-webview/android/src/main/java/com/reactnativecommunity/webview/events/TopCustomMenuSelectionEvent.kt:22:16 This declaration overrides a deprecated member but is not marked as deprecated itself. Add the '@Deprecated' annotation or suppress the diagnostic.
w: file:///C:/Users/272249/AppData/Local/Temp/r91fresh/frontend/node_modules/react-native-webview/android/src/main/java/com/reactnativecommunity/webview/events/TopCustomMenuSelectionEvent.kt:22:42 'interface RCTEventEmitter : JavaScriptModule' is deprecated. Use [RCTModernEventEmitter] instead.
w: file:///C:/Users/272249/AppData/Local/Temp/r91fresh/frontend/node_modules/react-native-webview/android/src/main/java/com/reactnativecommunity/webview/events/TopCustomMenuSelectionEvent.kt:23:21 'fun receiveEvent(targetTag: Int, eventName: String, params: WritableMap?): Unit' is deprecated. Use [RCTModernEventEmitter.receiveEvent] instead.
w: file:///C:/Users/272249/AppData/Local/Temp/r91fresh/frontend/node_modules/react-native-webview/android/src/main/java/com/reactnativecommunity/webview/events/TopHttpErrorEvent.kt:5:8 'interface RCTEventEmitter : JavaScriptModule' is deprecated. Use [RCTModernEventEmitter] instead.
w: file:///C:/Users/272249/AppData/Local/Temp/r91fresh/frontend/node_modules/react-native-webview/android/src/main/java/com/reactnativecommunity/webview/events/TopHttpErrorEvent.kt:11:3 'constructor<T : Event<T>>(viewTag: Int): Event<T>' is deprecated. Use constructor with explicit surfaceId instead.
w: file:///C:/Users/272249/AppData/Local/Temp/r91fresh/frontend/node_modules/react-native-webview/android/src/main/java/com/reactnativecommunity/webview/events/TopHttpErrorEvent.kt:22:16 This declaration overrides a deprecated member but is not marked as deprecated itself. Add the '@Deprecated' annotation or suppress the diagnostic.
w: file:///C:/Users/272249/AppData/Local/Temp/r91fresh/frontend/node_modules/react-native-webview/android/src/main/java/com/reactnativecommunity/webview/events/TopHttpErrorEvent.kt:22:42 'interface RCTEventEmitter : JavaScriptModule' is deprecated. Use [RCTModernEventEmitter] instead.
w: file:///C:/Users/272249/AppData/Local/Temp/r91fresh/frontend/node_modules/react-native-webview/android/src/main/java/com/reactnativecommunity/webview/events/TopHttpErrorEvent.kt:23:21 'fun receiveEvent(targetTag: Int, eventName: String, params: WritableMap?): Unit' is deprecated. Use [RCTModernEventEmitter.receiveEvent] instead.
w: file:///C:/Users/272249/AppData/Local/Temp/r91fresh/frontend/node_modules/react-native-webview/android/src/main/java/com/reactnativecommunity/webview/events/TopLoadingErrorEvent.kt:5:8 'interface RCTEventEmitter : JavaScriptModule' is deprecated. Use [RCTModernEventEmitter] instead.
w: file:///C:/Users/272249/AppData/Local/Temp/r91fresh/frontend/node_modules/react-native-webview/android/src/main/java/com/reactnativecommunity/webview/events/TopLoadingErrorEvent.kt:11:3 'constructor<T : Event<T>>(viewTag: Int): Event<T>' is deprecated. Use constructor with explicit surfaceId instead.
w: file:///C:/Users/272249/AppData/Local/Temp/r91fresh/frontend/node_modules/react-native-webview/android/src/main/java/com/reactnativecommunity/webview/events/TopLoadingErrorEvent.kt:22:16 This declaration overrides a deprecated member but is not marked as deprecated itself. Add the '@Deprecated' annotation or suppress the diagnostic.
w: file:///C:/Users/272249/AppData/Local/Temp/r91fresh/frontend/node_modules/react-native-webview/android/src/main/java/com/reactnativecommunity/webview/events/TopLoadingErrorEvent.kt:22:42 'interface RCTEventEmitter : JavaScriptModule' is deprecated. Use [RCTModernEventEmitter] instead.
w: file:///C:/Users/272249/AppData/Local/Temp/r91fresh/frontend/node_modules/react-native-webview/android/src/main/java/com/reactnativecommunity/webview/events/TopLoadingErrorEvent.kt:23:21 'fun receiveEvent(targetTag: Int, eventName: String, params: WritableMap?): Unit' is deprecated. Use [RCTModernEventEmitter.receiveEvent] instead.
w: file:///C:/Users/272249/AppData/Local/Temp/r91fresh/frontend/node_modules/react-native-webview/android/src/main/java/com/reactnativecommunity/webview/events/TopLoadingFinishEvent.kt:5:8 'interface RCTEventEmitter : JavaScriptModule' is deprecated. Use [RCTModernEventEmitter] instead.
w: file:///C:/Users/272249/AppData/Local/Temp/r91fresh/frontend/node_modules/react-native-webview/android/src/main/java/com/reactnativecommunity/webview/events/TopLoadingFinishEvent.kt:11:3 'constructor<T : Event<T>>(viewTag: Int): Event<T>' is deprecated. Use constructor with explicit surfaceId instead.
w: file:///C:/Users/272249/AppData/Local/Temp/r91fresh/frontend/node_modules/react-native-webview/android/src/main/java/com/reactnativecommunity/webview/events/TopLoadingFinishEvent.kt:22:16 This declaration overrides a deprecated member but is not marked as deprecated itself. Add the '@Deprecated' annotation or suppress the diagnostic.
w: file:///C:/Users/272249/AppData/Local/Temp/r91fresh/frontend/node_modules/react-native-webview/android/src/main/java/com/reactnativecommunity/webview/events/TopLoadingFinishEvent.kt:22:42 'interface RCTEventEmitter : JavaScriptModule' is deprecated. Use [RCTModernEventEmitter] instead.
w: file:///C:/Users/272249/AppData/Local/Temp/r91fresh/frontend/node_modules/react-native-webview/android/src/main/java/com/reactnativecommunity/webview/events/TopLoadingFinishEvent.kt:23:21 'fun receiveEvent(targetTag: Int, eventName: String, params: WritableMap?): Unit' is deprecated. Use [RCTModernEventEmitter.receiveEvent] instead.
w: file:///C:/Users/272249/AppData/Local/Temp/r91fresh/frontend/node_modules/react-native-webview/android/src/main/java/com/reactnativecommunity/webview/events/TopLoadingProgressEvent.kt:5:8 'interface RCTEventEmitter : JavaScriptModule' is deprecated. Use [RCTModernEventEmitter] instead.
w: file:///C:/Users/272249/AppData/Local/Temp/r91fresh/frontend/node_modules/react-native-webview/android/src/main/java/com/reactnativecommunity/webview/events/TopLoadingProgressEvent.kt:11:3 'constructor<T : Event<T>>(viewTag: Int): Event<T>' is deprecated. Use constructor with explicit surfaceId instead.
w: file:///C:/Users/272249/AppData/Local/Temp/r91fresh/frontend/node_modules/react-native-webview/android/src/main/java/com/reactnativecommunity/webview/events/TopLoadingProgressEvent.kt:22:16 This declaration overrides a deprecated member but is not marked as deprecated itself. Add the '@Deprecated' annotation or suppress the diagnostic.
w: file:///C:/Users/272249/AppData/Local/Temp/r91fresh/frontend/node_modules/react-native-webview/android/src/main/java/com/reactnativecommunity/webview/events/TopLoadingProgressEvent.kt:22:42 'interface RCTEventEmitter : JavaScriptModule' is deprecated. Use [RCTModernEventEmitter] instead.
w: file:///C:/Users/272249/AppData/Local/Temp/r91fresh/frontend/node_modules/react-native-webview/android/src/main/java/com/reactnativecommunity/webview/events/TopLoadingProgressEvent.kt:23:21 'fun receiveEvent(targetTag: Int, eventName: String, params: WritableMap?): Unit' is deprecated. Use [RCTModernEventEmitter.receiveEvent] instead.
w: file:///C:/Users/272249/AppData/Local/Temp/r91fresh/frontend/node_modules/react-native-webview/android/src/main/java/com/reactnativecommunity/webview/events/TopLoadingStartEvent.kt:5:8 'interface RCTEventEmitter : JavaScriptModule' is deprecated. Use [RCTModernEventEmitter] instead.
w: file:///C:/Users/272249/AppData/Local/Temp/r91fresh/frontend/node_modules/react-native-webview/android/src/main/java/com/reactnativecommunity/webview/events/TopLoadingStartEvent.kt:11:3 'constructor<T : Event<T>>(viewTag: Int): Event<T>' is deprecated. Use constructor with explicit surfaceId instead.
w: file:///C:/Users/272249/AppData/Local/Temp/r91fresh/frontend/node_modules/react-native-webview/android/src/main/java/com/reactnativecommunity/webview/events/TopLoadingStartEvent.kt:22:16 This declaration overrides a deprecated member but is not marked as deprecated itself. Add the '@Deprecated' annotation or suppress the diagnostic.
w: file:///C:/Users/272249/AppData/Local/Temp/r91fresh/frontend/node_modules/react-native-webview/android/src/main/java/com/reactnativecommunity/webview/events/TopLoadingStartEvent.kt:22:42 'interface RCTEventEmitter : JavaScriptModule' is deprecated. Use [RCTModernEventEmitter] instead.
w: file:///C:/Users/272249/AppData/Local/Temp/r91fresh/frontend/node_modules/react-native-webview/android/src/main/java/com/reactnativecommunity/webview/events/TopLoadingStartEvent.kt:23:21 'fun receiveEvent(targetTag: Int, eventName: String, params: WritableMap?): Unit' is deprecated. Use [RCTModernEventEmitter.receiveEvent] instead.
w: file:///C:/Users/272249/AppData/Local/Temp/r91fresh/frontend/node_modules/react-native-webview/android/src/main/java/com/reactnativecommunity/webview/events/TopMessageEvent.kt:5:8 'interface RCTEventEmitter : JavaScriptModule' is deprecated. Use [RCTModernEventEmitter] instead.
w: file:///C:/Users/272249/AppData/Local/Temp/r91fresh/frontend/node_modules/react-native-webview/android/src/main/java/com/reactnativecommunity/webview/events/TopMessageEvent.kt:10:75 'constructor<T : Event<T>>(viewTag: Int): Event<T>' is deprecated. Use constructor with explicit surfaceId instead.
w: file:///C:/Users/272249/AppData/Local/Temp/r91fresh/frontend/node_modules/react-native-webview/android/src/main/java/com/reactnativecommunity/webview/events/TopMessageEvent.kt:21:16 This declaration overrides a deprecated member but is not marked as deprecated itself. Add the '@Deprecated' annotation or suppress the diagnostic.
w: file:///C:/Users/272249/AppData/Local/Temp/r91fresh/frontend/node_modules/react-native-webview/android/src/main/java/com/reactnativecommunity/webview/events/TopMessageEvent.kt:21:42 'interface RCTEventEmitter : JavaScriptModule' is deprecated. Use [RCTModernEventEmitter] instead.
w: file:///C:/Users/272249/AppData/Local/Temp/r91fresh/frontend/node_modules/react-native-webview/android/src/main/java/com/reactnativecommunity/webview/events/TopMessageEvent.kt:22:21 'fun receiveEvent(targetTag: Int, eventName: String, params: WritableMap?): Unit' is deprecated. Use [RCTModernEventEmitter.receiveEvent] instead.
w: file:///C:/Users/272249/AppData/Local/Temp/r91fresh/frontend/node_modules/react-native-webview/android/src/main/java/com/reactnativecommunity/webview/events/TopNewWindowEvent.kt:5:8 'interface RCTEventEmitter : JavaScriptModule' is deprecated. Use [RCTModernEventEmitter] instead.
w: file:///C:/Users/272249/AppData/Local/Temp/r91fresh/frontend/node_modules/react-native-webview/android/src/main/java/com/reactnativecommunity/webview/events/TopNewWindowEvent.kt:11:3 'constructor<T : Event<T>>(viewTag: Int): Event<T>' is deprecated. Use constructor with explicit surfaceId instead.
w: file:///C:/Users/272249/AppData/Local/Temp/r91fresh/frontend/node_modules/react-native-webview/android/src/main/java/com/reactnativecommunity/webview/events/TopNewWindowEvent.kt:22:16 This declaration overrides a deprecated member but is not marked as deprecated itself. Add the '@Deprecated' annotation or suppress the diagnostic.
w: file:///C:/Users/272249/AppData/Local/Temp/r91fresh/frontend/node_modules/react-native-webview/android/src/main/java/com/reactnativecommunity/webview/events/TopNewWindowEvent.kt:22:42 'interface RCTEventEmitter : JavaScriptModule' is deprecated. Use [RCTModernEventEmitter] instead.
w: file:///C:/Users/272249/AppData/Local/Temp/r91fresh/frontend/node_modules/react-native-webview/android/src/main/java/com/reactnativecommunity/webview/events/TopNewWindowEvent.kt:23:21 'fun receiveEvent(targetTag: Int, eventName: String, params: WritableMap?): Unit' is deprecated. Use [RCTModernEventEmitter.receiveEvent] instead.
w: file:///C:/Users/272249/AppData/Local/Temp/r91fresh/frontend/node_modules/react-native-webview/android/src/main/java/com/reactnativecommunity/webview/events/TopRenderProcessGoneEvent.kt:5:8 'interface RCTEventEmitter : JavaScriptModule' is deprecated. Use [RCTModernEventEmitter] instead.
w: file:///C:/Users/272249/AppData/Local/Temp/r91fresh/frontend/node_modules/react-native-webview/android/src/main/java/com/reactnativecommunity/webview/events/TopRenderProcessGoneEvent.kt:12:3 'constructor<T : Event<T>>(viewTag: Int): Event<T>' is deprecated. Use constructor with explicit surfaceId instead.
w: file:///C:/Users/272249/AppData/Local/Temp/r91fresh/frontend/node_modules/react-native-webview/android/src/main/java/com/reactnativecommunity/webview/events/TopRenderProcessGoneEvent.kt:23:16 This declaration overrides a deprecated member but is not marked as deprecated itself. Add the '@Deprecated' annotation or suppress the diagnostic.
w: file:///C:/Users/272249/AppData/Local/Temp/r91fresh/frontend/node_modules/react-native-webview/android/src/main/java/com/reactnativecommunity/webview/events/TopRenderProcessGoneEvent.kt:23:42 'interface RCTEventEmitter : JavaScriptModule' is deprecated. Use [RCTModernEventEmitter] instead.
w: file:///C:/Users/272249/AppData/Local/Temp/r91fresh/frontend/node_modules/react-native-webview/android/src/main/java/com/reactnativecommunity/webview/events/TopRenderProcessGoneEvent.kt:24:21 'fun receiveEvent(targetTag: Int, eventName: String, params: WritableMap?): Unit' is deprecated. Use [RCTModernEventEmitter.receiveEvent] instead.
w: file:///C:/Users/272249/AppData/Local/Temp/r91fresh/frontend/node_modules/react-native-webview/android/src/main/java/com/reactnativecommunity/webview/events/TopShouldStartLoadWithRequestEvent.kt:5:8 'interface RCTEventEmitter : JavaScriptModule' is deprecated. Use [RCTModernEventEmitter] instead.
w: file:///C:/Users/272249/AppData/Local/Temp/r91fresh/frontend/node_modules/react-native-webview/android/src/main/java/com/reactnativecommunity/webview/events/TopShouldStartLoadWithRequestEvent.kt:10:89 'constructor<T : Event<T>>(viewTag: Int): Event<T>' is deprecated. Use constructor with explicit surfaceId instead.
w: file:///C:/Users/272249/AppData/Local/Temp/r91fresh/frontend/node_modules/react-native-webview/android/src/main/java/com/reactnativecommunity/webview/events/TopShouldStartLoadWithRequestEvent.kt:27:16 This declaration overrides a deprecated member but is not marked as deprecated itself. Add the '@Deprecated' annotation or suppress the diagnostic.
w: file:///C:/Users/272249/AppData/Local/Temp/r91fresh/frontend/node_modules/react-native-webview/android/src/main/java/com/reactnativecommunity/webview/events/TopShouldStartLoadWithRequestEvent.kt:27:42 'interface RCTEventEmitter : JavaScriptModule' is deprecated. Use [RCTModernEventEmitter] instead.
w: file:///C:/Users/272249/AppData/Local/Temp/r91fresh/frontend/node_modules/react-native-webview/android/src/main/java/com/reactnativecommunity/webview/events/TopShouldStartLoadWithRequestEvent.kt:28:21 'fun receiveEvent(targetTag: Int, eventName: String, params: WritableMap?): Unit' is deprecated. Use [RCTModernEventEmitter.receiveEvent] instead.

> Task :react-native-safe-area-context:compileReleaseKotlin
w: file:///C:/Users/272249/AppData/Local/Temp/r91fresh/frontend/node_modules/react-native-safe-area-context/android/src/main/java/com/th3rdwave/safeareacontext/SafeAreaProviderManager.kt:39:19 'fun getEventDispatcherForReactTag(context: ReactContext, reactTag: Int): EventDispatcher?' is deprecated. reactTag is no longer needed.
w: file:///C:/Users/272249/AppData/Local/Temp/r91fresh/frontend/node_modules/react-native-safe-area-context/android/src/main/java/com/th3rdwave/safeareacontext/SafeAreaView.kt:9:8 'class UIManagerModule : ReactContextBaseJavaModule, LifecycleEventListener, UIManager' is deprecated. Deprecated in Java.
w: file:///C:/Users/272249/AppData/Local/Temp/r91fresh/frontend/node_modules/react-native-safe-area-context/android/src/main/java/com/th3rdwave/safeareacontext/SafeAreaView.kt:50:54 'class UIManagerModule : ReactContextBaseJavaModule, LifecycleEventListener, UIManager' is deprecated. Deprecated in Java.
w: file:///C:/Users/272249/AppData/Local/Temp/r91fresh/frontend/node_modules/react-native-safe-area-context/android/src/main/java/com/th3rdwave/safeareacontext/SafeAreaView.kt:59:23 'val uiImplementation: UIImplementation!' is deprecated. Deprecated in Java.
w: file:///C:/Users/272249/AppData/Local/Temp/r91fresh/frontend/node_modules/react-native-safe-area-context/android/src/main/java/com/th3rdwave/safeareacontext/SafeAreaViewShadowNode.kt:9:32 'class LayoutShadowNode : ReactShadowNodeImpl' is deprecated. This class is part of Legacy Architecture and will be removed in a future release.
w: file:///C:/Users/272249/AppData/Local/Temp/r91fresh/frontend/node_modules/react-native-safe-area-context/android/src/main/java/com/th3rdwave/safeareacontext/SafeAreaViewShadowNode.kt:110:61 'class NativeViewHierarchyOptimizer : Any' is deprecated. This class is part of Legacy Architecture and will be removed in a future release.

> Task :react-native-async-storage_async-storage:mergeReleaseResources
> Task :react-native-masked-view_masked-view:verifyReleaseResources
> Task :react-native-masked-view_masked-view:assembleRelease
> Task :react-native-safe-area-context:verifyReleaseResources
> Task :react-native-community_netinfo:verifyReleaseResources
> Task :react-native-community_netinfo:assembleRelease
> Task :react-native-webview:verifyReleaseResources
> Task :react-native-async-storage_async-storage:verifyReleaseResources
> Task :react-native-async-storage_async-storage:assembleRelease
> Task :react-native-community_netinfo:lintVitalAnalyzeRelease
> Task :react-native-masked-view_masked-view:lintVitalAnalyzeRelease
> Task :expo-log-box:verifyReleaseResources
> Task :react-native-screens:configureCMakeRelWithDebInfo[arm64-v8a]
> Task :react-native-worklets:configureCMakeRelWithDebInfo[arm64-v8a]
> Task :react-native-async-storage_async-storage:lintVitalAnalyzeRelease
> Task :app:createBundleReleaseJsAndAssets
> Task :react-native-maps:compileReleaseJavaWithJavac
> Task :react-native-safe-area-context:compileReleaseJavaWithJavac
> Task :react-native-safe-area-context:bundleLibCompileToJarRelease
> Task :react-native-safe-area-context:bundleLibRuntimeToJarRelease
> Task :react-native-safe-area-context:processReleaseJavaRes
> Task :react-native-safe-area-context:createFullJarRelease
> Task :react-native-safe-area-context:generateReleaseLintModel
> Task :react-native-safe-area-context:bundleLibRuntimeToDirRelease
> Task :react-native-safe-area-context:extractReleaseAnnotations
> Task :react-native-safe-area-context:mergeReleaseGeneratedProguardFiles
> Task :react-native-safe-area-context:mergeReleaseConsumerProguardFiles
> Task :react-native-safe-area-context:generateReleaseLintVitalModel
> Task :react-native-safe-area-context:mergeReleaseJavaResource
> Task :react-native-safe-area-context:syncReleaseLibJars
> Task :react-native-safe-area-context:bundleReleaseLocalLintAar
> Task :react-native-safe-area-context:bundleReleaseAar
> Task :react-native-safe-area-context:assembleRelease

> Task :app:createBundleReleaseJsAndAssets
Starting Metro Bundler

warning: Bundler cache is empty, rebuilding (this may take a minute)

> Task :react-native-webview:compileReleaseJavaWithJavac
Note: Some input files use or override a deprecated API.
Note: Recompile with -Xlint:deprecation for details.

> Task :react-native-webview:processReleaseJavaRes
> Task :react-native-webview:bundleLibRuntimeToJarRelease
> Task :react-native-webview:bundleLibCompileToJarRelease
> Task :react-native-webview:generateReleaseLintModel
> Task :react-native-webview:createFullJarRelease
> Task :react-native-webview:extractReleaseAnnotations
> Task :react-native-webview:mergeReleaseGeneratedProguardFiles
> Task :react-native-webview:mergeReleaseConsumerProguardFiles
> Task :react-native-webview:mergeReleaseJavaResource
> Task :react-native-webview:bundleLibRuntimeToDirRelease
> Task :react-native-webview:syncReleaseLibJars
> Task :react-native-webview:bundleReleaseLocalLintAar
> Task :react-native-webview:generateReleaseLintVitalModel
> Task :react-native-webview:bundleReleaseAar
> Task :react-native-webview:assembleRelease

> Task :react-native-maps:compileReleaseJavaWithJavac
Note: Some input files use or override a deprecated API.
Note: Recompile with -Xlint:deprecation for details.
Note: Some input files use unchecked or unsafe operations.
Note: Recompile with -Xlint:unchecked for details.

> Task :react-native-maps:extractDeepLinksRelease
> Task :react-native-maps:compileReleaseLibraryResources
> Task :react-native-maps:processReleaseManifest
> Task :react-native-maps:prepareReleaseArtProfile
> Task :react-native-maps:mergeReleaseShaders
> Task :react-native-maps:compileReleaseShaders NO-SOURCE
> Task :react-native-maps:generateReleaseAssets UP-TO-DATE
> Task :react-native-maps:bundleLibCompileToJarRelease
> Task :react-native-maps:mergeReleaseAssets
> Task :react-native-maps:processReleaseJavaRes NO-SOURCE
> Task :react-native-maps:bundleLibRuntimeToJarRelease
> Task :react-native-maps:extractProguardFiles
> Task :react-native-maps:createFullJarRelease
> Task :react-native-screens:buildCMakeRelWithDebInfo[arm64-v8a]
> Task :react-native-worklets:buildCMakeRelWithDebInfo[arm64-v8a][worklets]
> Task :react-native-maps:generateReleaseLintModel
> Task :react-native-maps:bundleLibRuntimeToDirRelease
> Task :react-native-maps:prepareLintJarForPublish
> Task :react-native-maps:stripReleaseDebugSymbols NO-SOURCE
> Task :react-native-maps:copyReleaseJniLibsProjectAndLocalJars
> Task :react-native-maps:extractDeepLinksForAarRelease
> Task :react-native-maps:extractReleaseAnnotations
> Task :react-native-maps:mergeReleaseGeneratedProguardFiles
> Task :react-native-maps:mergeReleaseConsumerProguardFiles
> Task :react-native-maps:mergeReleaseJavaResource
> Task :react-native-maps:syncReleaseLibJars
> Task :react-native-maps:bundleReleaseLocalLintAar
> Task :react-native-maps:writeReleaseLintModelMetadata
> Task :react-native-maps:generateReleaseLintVitalModel
> Task :react-native-maps:bundleReleaseAar
> Task :react-native-maps:mapReleaseSourceSetPaths
> Task :react-native-maps:mergeReleaseResources
> Task :react-native-maps:verifyReleaseResources
> Task :react-native-maps:assembleRelease
> Task :react-native-safe-area-context:lintVitalAnalyzeRelease
> Task :react-native-maps:lintVitalAnalyzeRelease
> Task :react-native-webview:lintVitalAnalyzeRelease
> Task :react-native-screens:mergeReleaseJniLibFolders
> Task :react-native-screens:checkKotlinGradlePluginConfigurationErrors SKIPPED
> Task :react-native-screens:generateReleaseBuildConfig
> Task :react-native-screens:generateReleaseResValues
> Task :react-native-screens:mergeReleaseNativeLibs
> Task :react-native-screens:generateReleaseResources
> Task :react-native-screens:copyReleaseJniLibsProjectOnly
> Task :react-native-screens:packageReleaseResources
> Task :react-native-screens:javaPreCompileRelease
> Task :react-native-screens:writeReleaseAarMetadata
> Task :react-native-screens:extractDeepLinksRelease
> Task :react-native-screens:parseReleaseLocalResources
> Task :react-native-screens:processReleaseManifest
> Task :react-native-screens:prepareReleaseArtProfile
> Task :react-native-screens:mergeReleaseShaders
> Task :react-native-screens:generateReleaseRFile
> Task :react-native-screens:compileReleaseLibraryResources
> Task :react-native-screens:compileReleaseShaders NO-SOURCE
> Task :react-native-worklets:externalNativeBuildRelease
> Task :react-native-worklets:generateJsonModelRelease
> Task :react-native-worklets:prefabReleaseConfigurePackage
> Task :react-native-worklets:prefabReleasePackage
> Task :react-native-worklets:mergeReleaseJniLibFolders
> Task :react-native-worklets:checkKotlinGradlePluginConfigurationErrors SKIPPED
> Task :react-native-worklets:generateReleaseBuildConfig
> Task :react-native-worklets:generateReleaseResValues
> Task :react-native-worklets:generateReleaseResources
> Task :react-native-worklets:mergeReleaseNativeLibs
> Task :react-native-worklets:packageReleaseResources
> Task :react-native-worklets:writeReleaseAarMetadata
> Task :react-native-worklets:extractDeepLinksRelease
> Task :react-native-worklets:copyReleaseJniLibsProjectOnly
> Task :react-native-worklets:processReleaseManifest
> Task :react-native-worklets:compileReleaseLibraryResources
> Task :react-native-worklets:parseReleaseLocalResources
> Task :react-native-worklets:prepareReleaseArtProfile
> Task :react-native-gesture-handler:mapReleaseSourceSetPaths
> Task :react-native-worklets:mergeReleaseShaders
> Task :react-native-worklets:javaPreCompileRelease
> Task :react-native-worklets:compileReleaseShaders NO-SOURCE
> Task :react-native-worklets:generateReleaseAssets UP-TO-DATE
> Task :react-native-worklets:generateReleaseRFile
> Task :react-native-worklets:mergeReleaseAssets
> Task :expo:mapReleaseSourceSetPaths
> Task :react-native-screens:generateReleaseAssets UP-TO-DATE
> Task :react-native-screens:mergeReleaseAssets
> Task :react-native-screens:extractProguardFiles
> Task :react-native-worklets:extractProguardFiles
> Task :react-native-screens:prepareLintJarForPublish
> Task :react-native-worklets:prepareLintJarForPublish
> Task :react-native-worklets:extractDeepLinksForAarRelease
> Task :react-native-screens:extractDeepLinksForAarRelease
> Task :react-native-worklets:writeReleaseLintModelMetadata
> Task :react-native-screens:writeReleaseLintModelMetadata
> Task :react-native-screens:mapReleaseSourceSetPaths
> Task :react-native-worklets:mapReleaseSourceSetPaths
> Task :react-native-screens:stripReleaseDebugSymbols
> Task :react-native-worklets:stripReleaseDebugSymbols
> Task :react-native-worklets:compileReleaseKotlin
> Task :react-native-worklets:mergeReleaseResources
The Daemon will expire after the build after running out of JVM Metaspace.
The project memory settings are likely not configured or are configured to an insufficient value.
The daemon will restart for the next build, which may increase subsequent build times.
These settings can be adjusted by setting 'org.gradle.jvmargs' in 'gradle.properties'.
The currently configured max heap space is '2 GiB' and the configured max metaspace is '512 MiB'.
For more information on how to set these values, please refer to https://docs.gradle.org/9.3.1/userguide/build_environment.html#sec:configuring_jvm_memory in the Gradle documentation.
To disable this warning, set 'org.gradle.daemon.performance.disable-logging=true'.
> Task :react-native-gesture-handler:mergeReleaseResources
> Task :react-native-screens:mergeReleaseResources
> Task :react-native-screens:copyReleaseJniLibsProjectAndLocalJars
> Task :react-native-gesture-handler:verifyReleaseResources
> Task :react-native-worklets:compileReleaseJavaWithJavac
> Task :react-native-worklets:processReleaseJavaRes
> Task :react-native-worklets:bundleLibRuntimeToJarRelease
> Task :react-native-worklets:bundleLibCompileToJarRelease
> Task :react-native-worklets:bundleLibRuntimeToDirRelease
> Task :react-native-worklets:generateReleaseLintModel
> Task :react-native-worklets:createFullJarRelease
> Task :react-native-worklets:copyReleaseJniLibsProjectAndLocalJars
> Task :react-native-worklets:extractReleaseAnnotations
> Task :react-native-worklets:mergeReleaseGeneratedProguardFiles
> Task :react-native-worklets:mergeReleaseConsumerProguardFiles
> Task :react-native-worklets:lintVitalAnalyzeRelease SKIPPED
> Task :react-native-worklets:mergeReleaseJavaResource
> Task :react-native-worklets:syncReleaseLibJars
> Task :expo:mergeReleaseResources
> Task :react-native-worklets:bundleReleaseLocalLintAar
> Task :react-native-reanimated:configureCMakeRelWithDebInfo[arm64-v8a]
> Task :react-native-reanimated:generateJsonModelRelease
> Task :react-native-reanimated:prefabReleaseConfigurePackage
> Task :react-native-worklets:generateReleaseLintVitalModel
> Task :expo-modules-core:configureCMakeRelWithDebInfo[arm64-v8a]
> Task :react-native-worklets:bundleReleaseAar
> Task :react-native-worklets:verifyReleaseResources
> Task :react-native-worklets:assembleRelease
> Task :react-native-screens:verifyReleaseResources
> Task :expo:verifyReleaseResources
> Task :react-native-screens:compileReleaseKotlin
w: file:///C:/Users/272249/AppData/Local/Temp/r91fresh/frontend/node_modules/react-native-screens/android/src/main/java/com/swmansion/rnscreens/RNScreensPackage.kt:70:9 The corresponding parameter in the supertype 'BaseReactPackage' is named 'name'. This may cause problems when calling this function with named arguments.
w: file:///C:/Users/272249/AppData/Local/Temp/r91fresh/frontend/node_modules/react-native-screens/android/src/main/java/com/swmansion/rnscreens/RNScreensPackage.kt:71:9 The corresponding parameter in the supertype 'BaseReactPackage' is named 'reactContext'. This may cause problems when calling this function with named arguments.
w: file:///C:/Users/272249/AppData/Local/Temp/r91fresh/frontend/node_modules/react-native-screens/android/src/main/java/com/swmansion/rnscreens/RNScreensPackage.kt:83:17 'constructor(name: String, className: String, canOverrideExistingModule: Boolean, needsEagerInit: Boolean, hasConstants: Boolean, isCxxModule: Boolean, isTurboModule: Boolean): ReactModuleInfo' is deprecated. This constructor is deprecated and will be removed in the future. Use ReactModuleInfo(String, String, boolean, boolean, boolean, boolean)].
w: file:///C:/Users/272249/AppData/Local/Temp/r91fresh/frontend/node_modules/react-native-screens/android/src/main/java/com/swmansion/rnscreens/Screen.kt:54:77 Unchecked cast of '(CoordinatorLayout.Behavior<View!>?..CoordinatorLayout.Behavior<*>?)' to 'BottomSheetBehavior<Screen>'.
w: file:///C:/Users/272249/AppData/Local/Temp/r91fresh/frontend/node_modules/react-native-screens/android/src/main/java/com/swmansion/rnscreens/Screen.kt:59:33 'fun getEventDispatcherForReactTag(context: ReactContext, reactTag: Int): EventDispatcher?' is deprecated. reactTag is no longer needed.
w: file:///C:/Users/272249/AppData/Local/Temp/r91fresh/frontend/node_modules/react-native-screens/android/src/main/java/com/swmansion/rnscreens/Screen.kt:516:14 'fun getEventDispatcherForReactTag(context: ReactContext, reactTag: Int): EventDispatcher?' is deprecated. reactTag is no longer needed.
w: file:///C:/Users/272249/AppData/Local/Temp/r91fresh/frontend/node_modules/react-native-screens/android/src/main/java/com/swmansion/rnscreens/ScreenContainer.kt:250:18 'fun getEventDispatcherForReactTag(context: ReactContext, reactTag: Int): EventDispatcher?' is deprecated. reactTag is no longer needed.
w: file:///C:/Users/272249/AppData/Local/Temp/r91fresh/frontend/node_modules/react-native-screens/android/src/main/java/com/swmansion/rnscreens/ScreenContainer.kt:260:18 'fun getEventDispatcherForReactTag(context: ReactContext, reactTag: Int): EventDispatcher?' is deprecated. reactTag is no longer needed.
w: file:///C:/Users/272249/AppData/Local/Temp/r91fresh/frontend/node_modules/react-native-screens/android/src/main/java/com/swmansion/rnscreens/ScreenFragment.kt:225:37 'fun getEventDispatcherForReactTag(context: ReactContext, reactTag: Int): EventDispatcher?' is deprecated. reactTag is no longer needed.
w: file:///C:/Users/272249/AppData/Local/Temp/r91fresh/frontend/node_modules/react-native-screens/android/src/main/java/com/swmansion/rnscreens/ScreenFragment.kt:242:14 'fun getEventDispatcherForReactTag(context: ReactContext, reactTag: Int): EventDispatcher?' is deprecated. reactTag is no longer needed.
w: file:///C:/Users/272249/AppData/Local/Temp/r91fresh/frontend/node_modules/react-native-screens/android/src/main/java/com/swmansion/rnscreens/ScreenFragment.kt:258:22 'fun getEventDispatcherForReactTag(context: ReactContext, reactTag: Int): EventDispatcher?' is deprecated. reactTag is no longer needed.
w: file:///C:/Users/272249/AppData/Local/Temp/r91fresh/frontend/node_modules/react-native-screens/android/src/main/java/com/swmansion/rnscreens/ScreenFragment.kt:327:22 'fun getEventDispatcherForReactTag(context: ReactContext, reactTag: Int): EventDispatcher?' is deprecated. reactTag is no longer needed.
w: file:///C:/Users/272249/AppData/Local/Temp/r91fresh/frontend/node_modules/react-native-screens/android/src/main/java/com/swmansion/rnscreens/ScreenModalFragment.kt:180:22 'fun getEventDispatcherForReactTag(context: ReactContext, reactTag: Int): EventDispatcher?' is deprecated. reactTag is no longer needed.
w: file:///C:/Users/272249/AppData/Local/Temp/r91fresh/frontend/node_modules/react-native-screens/android/src/main/java/com/swmansion/rnscreens/ScreenStack.kt:120:14 'fun getEventDispatcherForReactTag(context: ReactContext, reactTag: Int): EventDispatcher?' is deprecated. reactTag is no longer needed.
w: file:///C:/Users/272249/AppData/Local/Temp/r91fresh/frontend/node_modules/react-native-screens/android/src/main/java/com/swmansion/rnscreens/ScreenStackFragment.kt:173:18 'fun getEventDispatcherForReactTag(context: ReactContext, reactTag: Int): EventDispatcher?' is deprecated. reactTag is no longer needed.
w: file:///C:/Users/272249/AppData/Local/Temp/r91fresh/frontend/node_modules/react-native-screens/android/src/main/java/com/swmansion/rnscreens/ScreenStackFragment.kt:230:31 'var targetElevation: Float' is deprecated. Deprecated in Java.
w: file:///C:/Users/272249/AppData/Local/Temp/r91fresh/frontend/node_modules/react-native-screens/android/src/main/java/com/swmansion/rnscreens/ScreenStackFragment.kt:233:13 'fun setHasOptionsMenu(p0: Boolean): Unit' is deprecated. Deprecated in Java.
w: file:///C:/Users/272249/AppData/Local/Temp/r91fresh/frontend/node_modules/react-native-screens/android/src/main/java/com/swmansion/rnscreens/ScreenStackFragment.kt:443:18 This declaration overrides a deprecated member but is not marked as deprecated itself. Add the '@Deprecated' annotation or suppress the diagnostic.
w: file:///C:/Users/272249/AppData/Local/Temp/r91fresh/frontend/node_modules/react-native-screens/android/src/main/java/com/swmansion/rnscreens/ScreenStackFragment.kt:450:22 'fun onPrepareOptionsMenu(p0: Menu): Unit' is deprecated. Deprecated in Java.
w: file:///C:/Users/272249/AppData/Local/Temp/r91fresh/frontend/node_modules/react-native-screens/android/src/main/java/com/swmansion/rnscreens/ScreenStackFragment.kt:453:18 This declaration overrides a deprecated member but is not marked as deprecated itself. Add the '@Deprecated' annotation or suppress the diagnostic.
w: file:///C:/Users/272249/AppData/Local/Temp/r91fresh/frontend/node_modules/react-native-screens/android/src/main/java/com/swmansion/rnscreens/ScreenStackFragment.kt:458:22 'fun onCreateOptionsMenu(p0: Menu, p1: MenuInflater): Unit' is deprecated. Deprecated in Java.
w: file:///C:/Users/272249/AppData/Local/Temp/r91fresh/frontend/node_modules/react-native-screens/android/src/main/java/com/swmansion/rnscreens/ScreenStackHeaderConfig.kt:199:14 'fun getEventDispatcherForReactTag(context: ReactContext, reactTag: Int): EventDispatcher?' is deprecated. reactTag is no longer needed.
w: file:///C:/Users/272249/AppData/Local/Temp/r91fresh/frontend/node_modules/react-native-screens/android/src/main/java/com/swmansion/rnscreens/ScreenStackHeaderConfig.kt:209:14 'fun getEventDispatcherForReactTag(context: ReactContext, reactTag: Int): EventDispatcher?' is deprecated. reactTag is no longer needed.
w: file:///C:/Users/272249/AppData/Local/Temp/r91fresh/frontend/node_modules/react-native-screens/android/src/main/java/com/swmansion/rnscreens/ScreenWindowTraits.kt:48:42 'fun replaceSystemWindowInsets(p0: Int, p1: Int, p2: Int, p3: Int): @NonNull() WindowInsetsCompat' is deprecated. Deprecated in Java.
w: file:///C:/Users/272249/AppData/Local/Temp/r91fresh/frontend/node_modules/react-native-screens/android/src/main/java/com/swmansion/rnscreens/ScreenWindowTraits.kt:49:39 'val systemWindowInsetLeft: Int' is deprecated. Deprecated in Java.
w: file:///C:/Users/272249/AppData/Local/Temp/r91fresh/frontend/node_modules/react-native-screens/android/src/main/java/com/swmansion/rnscreens/ScreenWindowTraits.kt:51:39 'val systemWindowInsetRight: Int' is deprecated. Deprecated in Java.
w: file:///C:/Users/272249/AppData/Local/Temp/r91fresh/frontend/node_modules/react-native-screens/android/src/main/java/com/swmansion/rnscreens/ScreenWindowTraits.kt:52:39 'val systemWindowInsetBottom: Int' is deprecated. Deprecated in Java.
w: file:///C:/Users/272249/AppData/Local/Temp/r91fresh/frontend/node_modules/react-native-screens/android/src/main/java/com/swmansion/rnscreens/ScreensModule.kt:100:14 'fun getEventDispatcherForReactTag(context: ReactContext, reactTag: Int): EventDispatcher?' is deprecated. reactTag is no longer needed.
w: file:///C:/Users/272249/AppData/Local/Temp/r91fresh/frontend/node_modules/react-native-screens/android/src/main/java/com/swmansion/rnscreens/SearchBarView.kt:137:29 'fun getEventDispatcherForReactTag(context: ReactContext, reactTag: Int): EventDispatcher?' is deprecated. reactTag is no longer needed.
w: file:///C:/Users/272249/AppData/Local/Temp/r91fresh/frontend/node_modules/react-native-screens/android/src/main/java/com/swmansion/rnscreens/bottomsheet/BottomSheetDialogRootView.kt:7:8 'object ReactFeatureFlags : Any' is deprecated. Use com.facebook.react.internal.featureflags.ReactNativeFeatureFlags instead.
w: file:///C:/Users/272249/AppData/Local/Temp/r91fresh/frontend/node_modules/react-native-screens/android/src/main/java/com/swmansion/rnscreens/bottomsheet/BottomSheetDialogRootView.kt:25:13 'object ReactFeatureFlags : Any' is deprecated. Use com.facebook.react.internal.featureflags.ReactNativeFeatureFlags instead.
w: file:///C:/Users/272249/AppData/Local/Temp/r91fresh/frontend/node_modules/react-native-screens/android/src/main/java/com/swmansion/rnscreens/bottomsheet/BottomSheetDialogRootView.kt:32:9 The corresponding parameter in the supertype 'ReactViewGroup' is named 'left'. This may cause problems when calling this function with named arguments.
w: file:///C:/Users/272249/AppData/Local/Temp/r91fresh/frontend/node_modules/react-native-screens/android/src/main/java/com/swmansion/rnscreens/bottomsheet/BottomSheetDialogRootView.kt:33:9 The corresponding parameter in the supertype 'ReactViewGroup' is named 'top'. This may cause problems when calling this function with named arguments.
w: file:///C:/Users/272249/AppData/Local/Temp/r91fresh/frontend/node_modules/react-native-screens/android/src/main/java/com/swmansion/rnscreens/bottomsheet/BottomSheetDialogRootView.kt:34:9 The corresponding parameter in the supertype 'ReactViewGroup' is named 'right'. This may cause problems when calling this function with named arguments.
w: file:///C:/Users/272249/AppData/Local/Temp/r91fresh/frontend/node_modules/react-native-screens/android/src/main/java/com/swmansion/rnscreens/bottomsheet/BottomSheetDialogRootView.kt:35:9 The corresponding parameter in the supertype 'ReactViewGroup' is named 'bottom'. This may cause problems when calling this function with named arguments.
w: file:///C:/Users/272249/AppData/Local/Temp/r91fresh/frontend/node_modules/react-native-screens/android/src/main/java/com/swmansion/rnscreens/bottomsheet/BottomSheetDialogRootView.kt:71:9 The corresponding parameter in the supertype 'RootView' is named 'childView'. This may cause problems when calling this function with named arguments.
w: file:///C:/Users/272249/AppData/Local/Temp/r91fresh/frontend/node_modules/react-native-screens/android/src/main/java/com/swmansion/rnscreens/bottomsheet/BottomSheetDialogRootView.kt:72:9 The corresponding parameter in the supertype 'RootView' is named 'ev'. This may cause problems when calling this function with named arguments.
w: file:///C:/Users/272249/AppData/Local/Temp/r91fresh/frontend/node_modules/react-native-screens/android/src/main/java/com/swmansion/rnscreens/bottomsheet/BottomSheetDialogRootView.kt:79:46 The corresponding parameter in the supertype 'RootView' is named 'ev'. This may cause problems when calling this function with named arguments.
w: file:///C:/Users/272249/AppData/Local/Temp/r91fresh/frontend/node_modules/react-native-screens/android/src/main/java/com/swmansion/rnscreens/bottomsheet/BottomSheetDialogRootView.kt:83:9 The corresponding parameter in the supertype 'RootView' is named 'childView'. This may cause problems when calling this function with named arguments.
w: file:///C:/Users/272249/AppData/Local/Temp/r91fresh/frontend/node_modules/react-native-screens/android/src/main/java/com/swmansion/rnscreens/bottomsheet/BottomSheetDialogRootView.kt:84:9 The corresponding parameter in the supertype 'RootView' is named 'ev'. This may cause problems when calling this function with named arguments.
w: file:///C:/Users/272249/AppData/Local/Temp/r91fresh/frontend/node_modules/react-native-screens/android/src/main/java/com/swmansion/rnscreens/bottomsheet/BottomSheetDialogRootView.kt:95:34 The corresponding parameter in the supertype 'RootView' is named 't'. This may cause problems when calling this function with named arguments.
w: file:///C:/Users/272249/AppData/Local/Temp/r91fresh/frontend/node_modules/react-native-screens/android/src/main/java/com/swmansion/rnscreens/bottomsheet/DimmingView.kt:64:9 The corresponding parameter in the supertype 'ReactCompoundView' is named 'touchX'. This may cause problems when calling this function with named arguments.
w: file:///C:/Users/272249/AppData/Local/Temp/r91fresh/frontend/node_modules/react-native-screens/android/src/main/java/com/swmansion/rnscreens/bottomsheet/DimmingView.kt:65:9 The corresponding parameter in the supertype 'ReactCompoundView' is named 'touchY'. This may cause problems when calling this function with named arguments.
w: file:///C:/Users/272249/AppData/Local/Temp/r91fresh/frontend/node_modules/react-native-screens/android/src/main/java/com/swmansion/rnscreens/bottomsheet/DimmingView.kt:69:9 The corresponding parameter in the supertype 'ReactCompoundViewGroup' is named 'touchX'. This may cause problems when calling this function with named arguments.
w: file:///C:/Users/272249/AppData/Local/Temp/r91fresh/frontend/node_modules/react-native-screens/android/src/main/java/com/swmansion/rnscreens/bottomsheet/DimmingView.kt:70:9 The corresponding parameter in the supertype 'ReactCompoundViewGroup' is named 'touchY'. This may cause problems when calling this function with named arguments.
w: file:///C:/Users/272249/AppData/Local/Temp/r91fresh/frontend/node_modules/react-native-screens/android/src/main/java/com/swmansion/rnscreens/gamma/common/event/BaseEventEmitter.kt:12:38 'fun getEventDispatcherForReactTag(context: ReactContext, reactTag: Int): EventDispatcher?' is deprecated. reactTag is no longer needed.
w: file:///C:/Users/272249/AppData/Local/Temp/r91fresh/frontend/node_modules/react-native-screens/android/src/main/java/com/swmansion/rnscreens/gamma/modals/dimmingview/DimmingView.kt:64:9 The corresponding parameter in the supertype 'ReactCompoundView' is named 'touchX'. This may cause problems when calling this function with named arguments.
w: file:///C:/Users/272249/AppData/Local/Temp/r91fresh/frontend/node_modules/react-native-screens/android/src/main/java/com/swmansion/rnscreens/gamma/modals/dimmingview/DimmingView.kt:65:9 The corresponding parameter in the supertype 'ReactCompoundView' is named 'touchY'. This may cause problems when calling this function with named arguments.
w: file:///C:/Users/272249/AppData/Local/Temp/r91fresh/frontend/node_modules/react-native-screens/android/src/main/java/com/swmansion/rnscreens/gamma/modals/dimmingview/DimmingView.kt:69:9 The corresponding parameter in the supertype 'ReactCompoundViewGroup' is named 'touchX'. This may cause problems when calling this function with named arguments.
w: file:///C:/Users/272249/AppData/Local/Temp/r91fresh/frontend/node_modules/react-native-screens/android/src/main/java/com/swmansion/rnscreens/gamma/modals/dimmingview/DimmingView.kt:70:9 The corresponding parameter in the supertype 'ReactCompoundViewGroup' is named 'touchY'. This may cause problems when calling this function with named arguments.
w: file:///C:/Users/272249/AppData/Local/Temp/r91fresh/frontend/node_modules/react-native-screens/android/src/main/java/com/swmansion/rnscreens/gamma/modals/formsheet/FormSheetContentView.kt:11:8 'object ReactFeatureFlags : Any' is deprecated. Use com.facebook.react.internal.featureflags.ReactNativeFeatureFlags instead.
w: file:///C:/Users/272249/AppData/Local/Temp/r91fresh/frontend/node_modules/react-native-screens/android/src/main/java/com/swmansion/rnscreens/gamma/modals/formsheet/FormSheetContentView.kt:39:33 'fun getEventDispatcher(context: ReactContext, uiManagerType: Int): EventDispatcher?' is deprecated. UIManagerType is no longer needed.
w: file:///C:/Users/272249/AppData/Local/Temp/r91fresh/frontend/node_modules/react-native-screens/android/src/main/java/com/swmansion/rnscreens/gamma/modals/formsheet/FormSheetContentView.kt:44:13 'object ReactFeatureFlags : Any' is deprecated. Use com.facebook.react.internal.featureflags.ReactNativeFeatureFlags instead.
w: file:///C:/Users/272249/AppData/Local/Temp/r91fresh/frontend/node_modules/react-native-screens/android/src/main/java/com/swmansion/rnscreens/gamma/modals/formsheet/FormSheetHostViewManager.kt:38:9 The corresponding parameter in the supertype 'FormSheetHostViewManager' is named 'view'. This may cause problems when calling this function with named arguments.
w: file:///C:/Users/272249/AppData/Local/Temp/r91fresh/frontend/node_modules/react-native-screens/android/src/main/java/com/swmansion/rnscreens/gamma/tabs/host/TabsHostViewManager.kt:44:9 The corresponding parameter in the supertype 'TabsHostViewManager' is named 'view'. This may cause problems when calling this function with named arguments.
w: file:///C:/Users/272249/AppData/Local/Temp/r91fresh/frontend/node_modules/react-native-screens/android/src/main/java/com/swmansion/rnscreens/safearea/SafeAreaView.kt:143:45 'fun consumeDisplayCutout(): @NonNull() WindowInsetsCompat' is deprecated. Deprecated in Java.

> Task :react-native-reanimated:buildCMakeRelWithDebInfo[arm64-v8a][reanimated]
> Task :react-native-gesture-handler:configureCMakeRelWithDebInfo[arm64-v8a]
> Task :expo-modules-core:buildCMakeRelWithDebInfo[arm64-v8a]
> Task :react-native-screens:compileReleaseJavaWithJavac
> Task :react-native-screens:processReleaseJavaRes
> Task :react-native-screens:generateReleaseLintModel
> Task :react-native-screens:extractReleaseAnnotations
> Task :react-native-screens:mergeReleaseGeneratedProguardFiles
> Task :react-native-screens:mergeReleaseConsumerProguardFiles
> Task :react-native-screens:mergeReleaseJavaResource
> Task :react-native-screens:bundleLibRuntimeToJarRelease
> Task :react-native-screens:bundleLibCompileToJarRelease

> Task :app:createBundleReleaseJsAndAssets
Android Bundled 68761ms node_modules\expo-router\entry.js (1373 modules)
Writing bundle output to: android\app\build\generated\assets\react\release\index.android.bundle
Writing sourcemap output to: android\app\build\intermediates\sourcemaps\react\release\index.android.bundle.packager.map
Copying 35 asset files
Done writing bundle output
Done writing sourcemap output

> Task :react-native-screens:syncReleaseLibJars
> Task :react-native-screens:createFullJarRelease
> Task :react-native-screens:bundleReleaseLocalLintAar
> Task :react-native-screens:generateReleaseLintVitalModel
> Task :react-native-screens:bundleReleaseAar
> Task :react-native-screens:assembleRelease
> Task :react-native-screens:bundleLibRuntimeToDirRelease

> Task :expo-modules-core:buildCMakeRelWithDebInfo[arm64-v8a]
C/C++: ninja: Entering directory `C:\Users\272249\AppData\Local\Temp\r91fresh\frontend\node_modules\expo-modules-core\android\.cxx\RelWithDebInfo\583b1f3t\arm64-v8a'
C/C++: C:/Users/272249/AppData/Local/Temp/r91fresh/frontend/node_modules/expo-modules-core/android/src/main/cpp/fabric/ExpoComponentDescriptorFactory.cpp:17:5: warning: 'RawPropsParser' is deprecated [-Wdeprecated-declarations]
C/C++:    17 |     react::RawPropsParser(/*useRawPropsJsiValue=*/true)
C/C++:       |     ^
C/C++: C:/Users/272249/AppData/Local/Temp/r91fresh/frontend/node_modules/react-native/ReactCommon/react/renderer/core/RawPropsParser.h:31:5: note: 'RawPropsParser' has been explicitly marked deprecated here
C/C++:    31 |   [[deprecated]] explicit RawPropsParser(bool /* ignored */) : RawPropsParser() {}
C/C++:       |     ^
C/C++: 1 warning generated.

> Task :expo-modules-core:mergeReleaseNativeLibs
> Task :expo-modules-core:mapReleaseSourceSetPaths
> Task :expo-modules-core:copyReleaseJniLibsProjectOnly
> Task :expo-modules-core:stripReleaseDebugSymbols
> Task :expo-modules-core:mergeReleaseResources
> Task :expo-modules-core:copyReleaseJniLibsProjectAndLocalJars
> Task :react-native-screens:lintVitalAnalyzeRelease
> Task :expo-modules-core:verifyReleaseResources
> Task :app:preBuild
> Task :app:preReleaseBuild
> Task :expo-modules-core:compileReleaseKotlin
w: file:///C:/Users/272249/AppData/Local/Temp/r91fresh/frontend/node_modules/expo-modules-core/android/src/main/java/expo/modules/apploader/AppLoaderProvider.kt:34:52 Unchecked cast of 'Class<*>!' to 'Class<out HeadlessAppLoader>'.
w: file:///C:/Users/272249/AppData/Local/Temp/r91fresh/frontend/node_modules/expo-modules-core/android/src/main/java/expo/modules/kotlin/AppContext.kt:14:8 'class UIManagerModule : ReactContextBaseJavaModule, LifecycleEventListener, UIManager' is deprecated. Deprecated in Java.
w: file:///C:/Users/272249/AppData/Local/Temp/r91fresh/frontend/node_modules/expo-modules-core/android/src/main/java/expo/modules/kotlin/AppContext.kt:22:8 'typealias ErrorManagerModule = JSLoggerModule' is deprecated. Use JSLoggerModule instead.
w: file:///C:/Users/272249/AppData/Local/Temp/r91fresh/frontend/node_modules/expo-modules-core/android/src/main/java/expo/modules/kotlin/AppContext.kt:61:13 'val hostingRuntimeContext: MainRuntime' is deprecated. Use AppContext.runtimeContext instead.
w: file:///C:/Users/272249/AppData/Local/Temp/r91fresh/frontend/node_modules/expo-modules-core/android/src/main/java/expo/modules/kotlin/AppContext.kt:271:21 'typealias ErrorManagerModule = JSLoggerModule' is deprecated. Use JSLoggerModule instead.
w: file:///C:/Users/272249/AppData/Local/Temp/r91fresh/frontend/node_modules/expo-modules-core/android/src/main/java/expo/modules/kotlin/AppContext.kt:380:21 'val DEFAULT: Int' is deprecated. UIManagerType.DEFAULT will be deleted in the next release of React Native. Use [LEGACY] instead.
w: file:///C:/Users/272249/AppData/Local/Temp/r91fresh/frontend/node_modules/expo-modules-core/android/src/main/java/expo/modules/kotlin/AppContext.kt:381:10 'class UIManagerModule : ReactContextBaseJavaModule, LifecycleEventListener, UIManager' is deprecated. Deprecated in Java.
w: file:///C:/Users/272249/AppData/Local/Temp/r91fresh/frontend/node_modules/expo-modules-core/android/src/main/java/expo/modules/kotlin/defaultmodules/NativeModulesProxyModule.kt:16:5 'fun Constants(legacyConstantsProvider: () -> Map<String, Any?>): Unit' is deprecated. Use `Constant` or `Property` instead.
w: file:///C:/Users/272249/AppData/Local/Temp/r91fresh/frontend/node_modules/expo-modules-core/android/src/main/java/expo/modules/kotlin/events/KModuleEventEmitterWrapper.kt:99:21 'fun getEventDispatcherForReactTag(context: ReactContext, reactTag: Int): EventDispatcher?' is deprecated. reactTag is no longer needed.
w: file:///C:/Users/272249/AppData/Local/Temp/r91fresh/frontend/node_modules/expo-modules-core/android/src/main/java/expo/modules/kotlin/events/KModuleEventEmitterWrapper.kt:108:21 'fun getEventDispatcherForReactTag(context: ReactContext, reactTag: Int): EventDispatcher?' is deprecated. reactTag is no longer needed.
w: file:///C:/Users/272249/AppData/Local/Temp/r91fresh/frontend/node_modules/expo-modules-core/android/src/main/java/expo/modules/kotlin/views/ViewDefinitionBuilder.kt:470:16 'val errorManager: JSLoggerModule?' is deprecated. Use AppContext.jsLogger instead.
w: file:///C:/Users/272249/AppData/Local/Temp/r91fresh/frontend/node_modules/expo-modules-core/android/src/main/java/expo/modules/kotlin/views/ViewDefinitionBuilder.kt:470:30 'fun reportExceptionToLogBox(codedException: CodedException): Unit' is deprecated. Use appContext.jsLogger.error(...) instead.
w: file:///C:/Users/272249/AppData/Local/Temp/r91fresh/frontend/node_modules/expo-modules-core/android/src/main/java/expo/modules/kotlin/views/ViewManagerDefinition.kt:41:16 'val errorManager: JSLoggerModule?' is deprecated. Use AppContext.jsLogger instead.
w: file:///C:/Users/272249/AppData/Local/Temp/r91fresh/frontend/node_modules/expo-modules-core/android/src/main/java/expo/modules/kotlin/views/ViewManagerDefinition.kt:41:30 'fun reportExceptionToLogBox(codedException: CodedException): Unit' is deprecated. Use appContext.jsLogger.error(...) instead.

> Task :react-native-reanimated:externalNativeBuildRelease
> Task :react-native-reanimated:prefabReleasePackage
> Task :react-native-reanimated:mergeReleaseNativeLibs
> Task :react-native-reanimated:mapReleaseSourceSetPaths
> Task :react-native-reanimated:copyReleaseJniLibsProjectOnly
> Task :react-native-reanimated:stripReleaseDebugSymbols

> Task :react-native-reanimated:compileReleaseKotlin
w: file:///C:/Users/272249/AppData/Local/Temp/r91fresh/frontend/node_modules/react-native-reanimated/android/src/main/java/com/swmansion/reanimated/NodesManager.kt:13:8 'class UIManagerModule : ReactContextBaseJavaModule, LifecycleEventListener, UIManager' is deprecated. Deprecated in Java.
w: file:///C:/Users/272249/AppData/Local/Temp/r91fresh/frontend/node_modules/react-native-reanimated/android/src/main/java/com/swmansion/reanimated/NodesManager.kt:58:95 'fun resolveCustomDirectEventName(eventName: String): String?' is deprecated.
w: file:///C:/Users/272249/AppData/Local/Temp/r91fresh/frontend/node_modules/react-native-reanimated/android/src/main/java/com/swmansion/reanimated/NodesManager.kt:234:29 'fun receiveEvent(surfaceId: Int, targetTag: Int, eventName: String, canCoalesceEvent: Boolean, customCoalesceKey: Int, params: WritableMap?, category: Int): Unit' is deprecated. Use the overload with eventTimestamp parameter instead.
w: file:///C:/Users/272249/AppData/Local/Temp/r91fresh/frontend/node_modules/react-native-reanimated/android/src/main/java/com/swmansion/reanimated/ReanimatedPackage.kt:5:8 'class ReactInstanceManager : Any' is deprecated. Deprecated in Java.
w: file:///C:/Users/272249/AppData/Local/Temp/r91fresh/frontend/node_modules/react-native-reanimated/android/src/main/java/com/swmansion/reanimated/ReanimatedPackage.kt:60:73 'class ReactInstanceManager : Any' is deprecated. Deprecated in Java.
w: file:///C:/Users/272249/AppData/Local/Temp/r91fresh/frontend/node_modules/react-native-reanimated/android/src/main/java/com/swmansion/reanimated/ReanimatedPackage.kt:61:63 'val reactNativeHost: ReactNativeHost' is deprecated. You should not use ReactNativeHost directly in the New Architecture. Use ReactHost instead.
w: file:///C:/Users/272249/AppData/Local/Temp/r91fresh/frontend/node_modules/react-native-reanimated/android/src/main/java/com/swmansion/reanimated/nativeProxy/EventHandler.kt:7:8 'class UIManagerModule : ReactContextBaseJavaModule, LifecycleEventListener, UIManager' is deprecated. Deprecated in Java.
w: file:///C:/Users/272249/AppData/Local/Temp/r91fresh/frontend/node_modules/react-native-reanimated/android/src/main/java/com/swmansion/reanimated/nativeProxy/EventHandler.kt:25:18 This declaration overrides a deprecated member but is not marked as deprecated itself. Add the '@Deprecated' annotation or suppress the diagnostic.
w: file:///C:/Users/272249/AppData/Local/Temp/r91fresh/frontend/node_modules/react-native-reanimated/android/src/main/java/com/swmansion/reanimated/nativeProxy/EventHandler.kt:38:18 This declaration overrides a deprecated member but is not marked as deprecated itself. Add the '@Deprecated' annotation or suppress the diagnostic.
w: file:///C:/Users/272249/AppData/Local/Temp/r91fresh/frontend/node_modules/react-native-reanimated/android/src/main/java/com/swmansion/reanimated/nativeProxy/EventHandler.kt:48:18 This declaration overrides a deprecated member but is not marked as deprecated itself. Add the '@Deprecated' annotation or suppress the diagnostic.
w: file:///C:/Users/272249/AppData/Local/Temp/r91fresh/frontend/node_modules/react-native-reanimated/android/src/main/java/com/swmansion/reanimated/nativeProxy/EventHandler.kt:57:18 This declaration overrides a deprecated member but is not marked as deprecated itself. Add the '@Deprecated' annotation or suppress the diagnostic.
w: file:///C:/Users/272249/AppData/Local/Temp/r91fresh/frontend/node_modules/react-native-reanimated/android/src/main/java/com/swmansion/reanimated/nativeProxy/NoopEventHandler.kt:8:18 This declaration overrides a deprecated member but is not marked as deprecated itself. Add the '@Deprecated' annotation or suppress the diagnostic.
w: file:///C:/Users/272249/AppData/Local/Temp/r91fresh/frontend/node_modules/react-native-reanimated/android/src/main/java/com/swmansion/reanimated/nativeProxy/NoopEventHandler.kt:20:18 This declaration overrides a deprecated member but is not marked as deprecated itself. Add the '@Deprecated' annotation or suppress the diagnostic.
w: file:///C:/Users/272249/AppData/Local/Temp/r91fresh/frontend/node_modules/react-native-reanimated/android/src/main/java/com/swmansion/reanimated/nativeProxy/NoopEventHandler.kt:29:18 This declaration overrides a deprecated member but is not marked as deprecated itself. Add the '@Deprecated' annotation or suppress the diagnostic.
w: file:///C:/Users/272249/AppData/Local/Temp/r91fresh/frontend/node_modules/react-native-reanimated/android/src/main/java/com/swmansion/reanimated/nativeProxy/NoopEventHandler.kt:37:18 This declaration overrides a deprecated member but is not marked as deprecated itself. Add the '@Deprecated' annotation or suppress the diagnostic.
w: file:///C:/Users/272249/AppData/Local/Temp/r91fresh/frontend/node_modules/react-native-reanimated/android/src/main/java/com/swmansion/reanimated/sensor/ReanimatedSensor.kt:28:26 'val defaultDisplay: Display!' is deprecated. Deprecated in Java.

> Task :expo-modules-core:compileReleaseJavaWithJavac
Note: Some input files use or override a deprecated API.
Note: Recompile with -Xlint:deprecation for details.

> Task :react-native-reanimated:mergeReleaseResources
> Task :expo-modules-core:processReleaseJavaRes
> Task :expo-modules-core:generateReleaseLintModel
> Task :expo-modules-core:extractReleaseAnnotations
> Task :expo-modules-core:mergeReleaseGeneratedProguardFiles
> Task :expo-modules-core:mergeReleaseConsumerProguardFiles
> Task :expo-modules-core:bundleLibCompileToJarRelease
> Task :app:configureCMakeRelWithDebInfo[arm64-v8a]
> Task :expo-modules-core:bundleLibRuntimeToJarRelease
> Task :expo-modules-core:mergeReleaseJavaResource
> Task :expo-modules-core:createFullJarRelease
> Task :react-native-reanimated:compileReleaseJavaWithJavac
> Task :react-native-reanimated:bundleLibCompileToJarRelease
> Task :react-native-reanimated:bundleLibRuntimeToJarRelease
> Task :react-native-reanimated:processReleaseJavaRes
> Task :react-native-reanimated:createFullJarRelease
> Task :react-native-reanimated:generateReleaseLintModel
> Task :react-native-reanimated:copyReleaseJniLibsProjectAndLocalJars
> Task :react-native-reanimated:bundleLibRuntimeToDirRelease
> Task :react-native-reanimated:extractReleaseAnnotations
> Task :react-native-reanimated:mergeReleaseGeneratedProguardFiles
> Task :react-native-reanimated:mergeReleaseConsumerProguardFiles
> Task :react-native-reanimated:lintVitalAnalyzeRelease SKIPPED
> Task :react-native-reanimated:mergeReleaseJavaResource
> Task :react-native-reanimated:generateReleaseLintVitalModel
> Task :react-native-reanimated:syncReleaseLibJars
> Task :expo-modules-core:syncReleaseLibJars
> Task :expo-modules-core:bundleReleaseLocalLintAar

> Task :expo-constants:compileReleaseKotlin
w: file:///C:/Users/272249/AppData/Local/Temp/r91fresh/frontend/node_modules/expo-constants/android/src/main/java/expo/modules/constants/ConstantsModule.kt:13:5 'fun Constants(legacyConstantsProvider: () -> Map<String, Any?>): Unit' is deprecated. Use `Constant` or `Property` instead.

> Task :expo-modules-core:generateReleaseLintVitalModel
> Task :react-native-reanimated:bundleReleaseLocalLintAar
> Task :expo-log-box:compileReleaseKotlin
> Task :expo-modules-core:bundleReleaseAar
> Task :expo-modules-core:assembleRelease
> Task :expo-constants:compileReleaseJavaWithJavac
> Task :expo-constants:bundleLibCompileToJarRelease
> Task :expo-constants:bundleLibRuntimeToJarRelease
> Task :expo-constants:bundleLibRuntimeToDirRelease
> Task :expo-constants:processReleaseJavaRes
> Task :expo-constants:createFullJarRelease
> Task :expo-constants:generateReleaseLintModel
> Task :expo-constants:extractReleaseAnnotations
> Task :expo-constants:mergeReleaseGeneratedProguardFiles
> Task :expo-constants:mergeReleaseConsumerProguardFiles
> Task :expo-constants:mergeReleaseJavaResource
> Task :expo-constants:syncReleaseLibJars
> Task :expo-constants:bundleReleaseLocalLintAar
> Task :expo-constants:generateReleaseLintVitalModel
> Task :expo-constants:bundleReleaseAar
> Task :expo-constants:assembleRelease
> Task :expo-constants:lintVitalAnalyzeRelease
> Task :expo-modules-core:bundleLibRuntimeToDirRelease
> Task :react-native-reanimated:bundleReleaseAar

> Task :app:configureCMakeRelWithDebInfo[arm64-v8a]
C/C++: CMake Warning in C:/Users/272249/AppData/Local/Temp/r91fresh/frontend/node_modules/react-native-gesture-handler/android/build/generated/source/codegen/jni/CMakeLists.txt:
C/C++:   The object file directory
C/C++:     C:/Users/272249/AppData/Local/Temp/r91fresh/frontend/android/app/.cxx/RelWithDebInfo/42256eh3/arm64-v8a/rngesturehandler_codegen_autolinked_build/CMakeFiles/react_codegen_rngesturehandler_codegen.dir/./
C/C++:   has 202 characters.  The maximum full path to an object file is 250
C/C++:   characters (see CMAKE_OBJECT_PATH_MAX).  Object file
C/C++:     react/renderer/components/rngesturehandler_codegen/EventEmitters.cpp.o
C/C++:   cannot be safely placed under this directory.  The build may not work
C/C++:   correctly.

> Task :expo-log-box:compileReleaseJavaWithJavac
> Task :expo-log-box:bundleLibCompileToJarRelease
> Task :expo-log-box:processReleaseJavaRes
> Task :expo-log-box:bundleLibRuntimeToJarRelease
> Task :expo-log-box:generateReleaseLintModel
> Task :expo-log-box:bundleLibRuntimeToDirRelease
> Task :expo-log-box:createFullJarRelease
> Task :expo-log-box:extractReleaseAnnotations
> Task :expo-log-box:mergeReleaseGeneratedProguardFiles
> Task :expo-log-box:mergeReleaseConsumerProguardFiles
> Task :expo-log-box:mergeReleaseJavaResource
> Task :expo-log-box:syncReleaseLibJars
> Task :expo-log-box:bundleReleaseLocalLintAar
> Task :expo-log-box:generateReleaseLintVitalModel
> Task :expo-log-box:bundleReleaseAar
> Task :expo-log-box:assembleRelease
> Task :expo-log-box:lintVitalAnalyzeRelease

> Task :expo:compileReleaseKotlin
w: file:///C:/Users/272249/AppData/Local/Temp/r91fresh/frontend/node_modules/expo/android/src/main/java/expo/modules/ExpoModulesPackage.kt:34:16 This declaration overrides a deprecated member but is not marked as deprecated itself. Add the '@Deprecated' annotation or suppress the diagnostic.
w: file:///C:/Users/272249/AppData/Local/Temp/r91fresh/frontend/node_modules/expo/android/src/main/java/expo/modules/ReactActivityDelegateWrapper.kt:22:8 'class ReactInstanceManager : Any' is deprecated. Deprecated in Java.
w: file:///C:/Users/272249/AppData/Local/Temp/r91fresh/frontend/node_modules/expo/android/src/main/java/expo/modules/ReactActivityDelegateWrapper.kt:102:16 This declaration overrides a deprecated member but is not marked as deprecated itself. Add the '@Deprecated' annotation or suppress the diagnostic.
w: file:///C:/Users/272249/AppData/Local/Temp/r91fresh/frontend/node_modules/expo/android/src/main/java/expo/modules/ReactActivityDelegateWrapper.kt:102:43 'class ReactInstanceManager : Any' is deprecated. Deprecated in Java.
w: file:///C:/Users/272249/AppData/Local/Temp/r91fresh/frontend/node_modules/expo/android/src/main/java/expo/modules/ReactActivityDelegateWrapper.kt:103:21 'val reactInstanceManager: ReactInstanceManager' is deprecated. Deprecated in Java.
w: file:///C:/Users/272249/AppData/Local/Temp/r91fresh/frontend/node_modules/expo/android/src/main/java/expo/modules/fetch/ExpoFetchModule.kt:33:39 'constructor(reactContext: ReactContext): ForwardingCookieHandler' is deprecated. Use the default constructor.
w: file:///C:/Users/272249/AppData/Local/Temp/r91fresh/frontend/node_modules/expo/android/src/main/java/expo/modules/fetch/NativeResponse.kt:44:16 This declaration overrides a deprecated member but is not marked as deprecated itself. Add the '@Deprecated' annotation or suppress the diagnostic.
w: file:///C:/Users/272249/AppData/Local/Temp/r91fresh/frontend/node_modules/expo/android/src/main/java/expo/modules/fetch/NativeResponse.kt:46:11 'fun deallocate(): Unit' is deprecated. Use sharedObjectDidRelease() instead.

> Task :react-native-gesture-handler:buildCMakeRelWithDebInfo[arm64-v8a]
> Task :react-native-gesture-handler:mergeReleaseNativeLibs
> Task :react-native-gesture-handler:copyReleaseJniLibsProjectOnly
> Task :expo-modules-core:lintVitalAnalyzeRelease
> Task :react-native-gesture-handler:stripReleaseDebugSymbols
> Task :react-native-gesture-handler:copyReleaseJniLibsProjectAndLocalJars
> Task :react-native-reanimated:verifyReleaseResources
> Task :react-native-reanimated:assembleRelease

> Task :react-native-gesture-handler:compileReleaseKotlin
w: file:///C:/Users/272249/AppData/Local/Temp/r91fresh/frontend/node_modules/react-native-gesture-handler/android/src/main/java/com/swmansion/gesturehandler/react/Extensions.kt:8:8 'class UIManagerModule : ReactContextBaseJavaModule, LifecycleEventListener, UIManager' is deprecated. Deprecated in Java.
w: file:///C:/Users/272249/AppData/Local/Temp/r91fresh/frontend/node_modules/react-native-gesture-handler/android/src/main/java/com/swmansion/gesturehandler/react/Extensions.kt:13:29 'class UIManagerModule : ReactContextBaseJavaModule, LifecycleEventListener, UIManager' is deprecated. Deprecated in Java.
w: file:///C:/Users/272249/AppData/Local/Temp/r91fresh/frontend/node_modules/react-native-gesture-handler/android/src/main/java/com/swmansion/gesturehandler/react/Extensions.kt:14:32 'class UIManagerModule : ReactContextBaseJavaModule, LifecycleEventListener, UIManager' is deprecated. Deprecated in Java.

> Task :app:buildCMakeRelWithDebInfo[arm64-v8a]
> Task :expo:compileReleaseJavaWithJavac
> Task :expo:processReleaseJavaRes
> Task :expo:bundleLibRuntimeToJarRelease
> Task :expo:bundleLibCompileToJarRelease
> Task :expo:bundleLibRuntimeToDirRelease
> Task :expo:generateReleaseLintModel
> Task :expo:createFullJarRelease
> Task :expo:extractReleaseAnnotations
> Task :expo:mergeReleaseGeneratedProguardFiles
> Task :expo:mergeReleaseConsumerProguardFiles
> Task :expo:mergeReleaseJavaResource
> Task :expo:syncReleaseLibJars
> Task :expo:bundleReleaseLocalLintAar
> Task :expo:generateReleaseLintVitalModel
> Task :expo:bundleReleaseAar
> Task :expo:assembleRelease
> Task :expo:lintVitalAnalyzeRelease
> Task :react-native-gesture-handler:compileReleaseJavaWithJavac
> Task :react-native-gesture-handler:processReleaseJavaRes
> Task :react-native-gesture-handler:generateReleaseLintModel
> Task :react-native-gesture-handler:bundleLibCompileToJarRelease
> Task :react-native-gesture-handler:bundleLibRuntimeToJarRelease
> Task :react-native-gesture-handler:extractReleaseAnnotations
> Task :react-native-gesture-handler:createFullJarRelease
> Task :react-native-gesture-handler:mergeReleaseGeneratedProguardFiles
> Task :react-native-gesture-handler:mergeReleaseConsumerProguardFiles
> Task :react-native-gesture-handler:mergeReleaseJavaResource
> Task :react-native-gesture-handler:bundleLibRuntimeToDirRelease
> Task :react-native-gesture-handler:syncReleaseLibJars
> Task :react-native-gesture-handler:bundleReleaseLocalLintAar
> Task :react-native-gesture-handler:generateReleaseLintVitalModel
> Task :react-native-gesture-handler:bundleReleaseAar
> Task :react-native-gesture-handler:assembleRelease
> Task :react-native-gesture-handler:lintVitalAnalyzeRelease
> Task :app:mergeReleaseJniLibFolders
> Task :app:generateReleaseBuildConfig
> Task :app:generateReleaseResValues
> Task :app:checkReleaseDuplicateClasses
> Task :app:mapReleaseSourceSetPaths
> Task :app:generateReleaseResources
> Task :app:checkReleaseAarMetadata
> Task :app:mergeReleaseNativeLibs
> Task :app:packageReleaseResources
> Task :app:createReleaseCompatibleScreenManifests
> Task :app:extractDeepLinksRelease
> Task :app:parseReleaseLocalResources
> Task :app:mergeReleaseResources

> Task :app:processReleaseMainManifest
C:\Users\272249\AppData\Local\Temp\r91fresh\frontend\android\app\src\main\AndroidManifest.xml Warning:
	provider#expo.modules.filesystem.FileSystemFileProvider@android:authorities was tagged at AndroidManifest.xml:0 to replace other declarations but no other declaration present
C:\Users\272249\AppData\Local\Temp\r91fresh\frontend\android\app\src\main\AndroidManifest.xml Warning:
	activity#expo.modules.imagepicker.ExpoCropImageActivity@android:exported was tagged at AndroidManifest.xml:0 to replace other declarations but no other declaration present

> Task :app:stripReleaseDebugSymbols

> Task :app:expoReleaseOverrideMaxSdkConflicts
[33m---------- Expo Max Sdk Override Plugin ----------[0m
[32m>>> No 'android:maxSdkVersion' conflicts found[0m
[33m--------------------------------------------------[0m

> Task :app:processReleaseManifest
> Task :app:javaPreCompileRelease
> Task :app:desugarReleaseFileDependencies
> Task :app:mergeReleaseStartupProfile
> Task :app:extractReleaseNativeSymbolTables
> Task :app:mergeReleaseShaders
> Task :app:compileReleaseShaders NO-SOURCE
> Task :app:generateReleaseAssets UP-TO-DATE
> Task :app:mergeReleaseArtProfile
> Task :app:mergeReleaseAssets
> Task :app:compressReleaseAssets
> Task :app:extractReleaseVersionControlInfo
> Task :app:extractProguardFiles
> Task :app:collectReleaseDependencies
> Task :app:sdkReleaseDependencyData
> Task :app:validateSigningRelease
> Task :app:writeReleaseAppMetadata
> Task :app:writeReleaseSigningConfigVersions
> Task :app:processReleaseManifestForPackage
> Task :app:mergeReleaseNativeDebugMetadata
> Task :app:processReleaseResources
> Task :app:mergeExtDexRelease
> Task :app:optimizeReleaseResources
> Task :app:compileReleaseKotlin
> Task :app:compileReleaseJavaWithJavac
> Task :app:dexBuilderRelease
> Task :app:mergeReleaseGlobalSynthetics
> Task :app:generateReleaseLintVitalReportModel
> Task :app:processReleaseJavaRes
> Task :app:lintVitalAnalyzeRelease
> Task :app:lintVitalReportRelease
> Task :app:lintVitalRelease
> Task :app:mergeReleaseJavaResource
> Task :app:mergeDexRelease
> Task :app:compileReleaseArtProfile
> Task :app:packageRelease
> Task :app:createReleaseApkListingFileRedirect
> Task :app:assembleRelease

[Incubating] Problems report is available at: file:///C:/Users/272249/AppData/Local/Temp/r91fresh/frontend/android/build/reports/problems/problems-report.html

Deprecated Gradle features were used in this build, making it incompatible with Gradle 10.

You can use '--warning-mode all' to show the individual deprecation warnings and determine if they come from your own scripts or plugins.

For more on this, please refer to https://docs.gradle.org/9.3.1/userguide/command_line_interface.html#sec:command_line_warnings in the Gradle documentation.

BUILD SUCCESSFUL in 8m 10s
699 actionable tasks: 699 executed
